Crypto Currency,Volatility,Mean Square Error,Opposite Trend %,Outlier Score
10mtoken,2864161.766,8.23E+12,16.16161616,3.71E+12
Exmr,62714.78341,3933172065,32.32323232,1769933715
Acceleratornetwork,19514.34646,380801453.5,26.26262626,171362617.3
Veros,5817.050785,33841577.26,45.45454545,15229311.93
Riptidecoin,346.181449,119744.8173,3.03030303,53921.14958
Vsync,214.7052671,46745.99107,45.45454545,21077.62105
Lendconnect,187.0208961,35213.86084,14.14141414,15871.3031
Ethereumalps,166.2752287,27604.12459,1.01010101,12438.93813
Elcoin,154.5907735,23852.30805,20.2020202,10758.08861
Tio,151.6301492,22900.27545,6.060606061,10323.01424
Suppocoin,140.7932436,20106.52636,22.22222222,9072.016186
Cajutel,100.5943364,10397.97318,7.070707071,4692.329182
Aseancoin,88.32115349,7819.471214,19.19191919,3536.230525
Leocoin,83.32809929,6896.508158,34.34343434,3127.216027
Linkplatform,81.74157495,6813.620875,11.11111111,3079.303551
Ethereumx,77.37206621,5991.705468,3.03030303,2705.368304
Kilocoin,74.66424526,5784.268783,35.35353535,2626.296468
Agentnotneeded,75.04771439,5636.350624,13.13131313,2549.771643
Boxycoin,65.2747624,4307.671549,14.14141414,1951.34331
Droidz,62.37128581,3883.401968,8.080808081,1757.404378
Mincoin,60.5515446,3719.504215,30.3030303,1693.468415
Jetcoin,57.74944006,3315.687787,32.32323232,1512.379903
Exchangecoin,56.86029445,3288.26785,9.090909091,1489.497471
Octanox,53.28963856,2859.022666,41.41414141,1310.525527
Genstake,52.99620027,2832.84288,8.080808081,1283.715279
Cryptoescudo,50.06155597,2525.067917,20.2020202,1150.377627
Relex,45.41447834,2120.9187,25.25252525,970.3184994
Zeitcoin,42.29668688,1839.488212,39.39393939,849.7266368
Litecoinpro,42.72028305,1836.285046,28.28282828,843.3275717
Egold,42.71730299,1822.819832,10.1010101,829.0861093
Supercoin,42.39632853,1793.899461,37.37373737,828.3125721
Whitemoney,41.09403395,1725.529678,37.37373737,797.4159404
Ethgas,40.77284387,1719.184367,5.050505051,779.9829767
1337,40.7216802,1696.121225,14.14141414,773.6903557
Wandx,40.14502614,1619.346118,35.35353535,748.6293467
Bzlcoin,39.62514709,1598.897089,25.25252525,734.8298409
Litedoge,39.33519961,1599.77994,18.18181818,732.0163113
Carbon,38.77910446,1543.985452,14.14141414,705.0350003
Ereal,38.70540212,1523.049965,14.14141414,695.6066609
Hedge,37.86902641,1453.877685,16.16161616,665.3045882
Exchangen,37.05068497,1388.917023,13.13131313,634.6268197
Vaperscoin,36.58511597,1357.895683,43.43434343,634.2570236
Olympic,36.25720153,1350.938239,36.36363636,627.9115641
Mouse,36.55371228,1334.211907,13.13131313,609.9598204
Goldenfleece,36.552618,1315.71258,27.27272727,607.9986503
Moneybag,35.70572141,1282.404141,27.27272727,592.9251626
Compoundcoin,35.2885759,1264.856358,13.13131313,578.6233094
Bec,35.1903758,1236.000203,22.22222222,569.7191289
Aerium,32.83048545,1085.472324,36.36363636,508.1092306
Networktoken,32.25421888,1084.399854,26.26262626,503.0235379
Ombre,32.19581846,1088.450922,18.18181818,501.2043148
Castle,33.13811399,1087.966783,12.12121212,498.3534093
Artax,32.70088169,1070.893883,19.19191919,493.808699
Gimli,32.47998777,1078.556506,8.080808081,492.2347899
Buzzcoin,32.31514514,1062.133977,9.090909091,485.2827131
Fermasosedi,32.44772128,1046.959986,17.17171717,482.1040387
Xarucoin,31.5923157,1010.318861,42.42424242,476.8936279
Earnzcoin,32.01043793,1027.273364,18.18181818,473.6558757
Cosmoscoin,32.03508457,1028.501432,13.13131313,471.9382438
Pluracoin,31.69622105,1001.761401,10.1010101,458.5077073
Emphy,30.58163004,954.9811844,18.18181818,440.9815142
Bitcoinpro,30.55168219,937.7506227,20.2020202,434.1338575
Streamnetwork,30.23383055,910.4349539,34.34343434,428.1736577
Glasscoin,29.08736606,850.4851996,30.3030303,399.2634401
Flypme,29.28677859,831.0844275,16.16161616,384.1893975
Madcoin,28.76617416,818.4409093,20.2020202,380.2659357
Sanchezium,27.8993398,761.8825661,51.51515152,368.8189069
Polyai,28.24138718,791.2833723,19.19191919,367.5380199
Xp,27.20267121,751.0187156,46.46464646,361.5877801
Vio,27.68625231,765.3864697,28.28282828,359.9198093
Bitbee,28.09641695,785.7664897,5.050505051,358.6772894
Rovercoin,26.81620753,736.5130141,42.42424242,353.2033862
Pandacoin,27.39270817,745.4502679,14.14141414,344.5555277
Crypto,26.80289335,725.9098175,22.22222222,339.3397072
Guess,26.01760792,685.1673261,41.41414141,329.5634212
Cerberus,26.34495951,678.1862806,30.3030303,321.4546858
Numuscash,25.84184099,671.3092176,26.26262626,316.4915138
Croatcoin,25.66091067,654.8042997,38.38383838,314.5007532
Sisa,25.56610555,652.4141801,39.39393939,313.8702643
Caliphcoin,26.17666222,677.7752314,8.080808081,311.252884
Corez,25.52403402,639.8603848,32.32323232,305.0350311
Macro,25.03383162,622.8854569,38.38383838,300.074566
Nero,24.91316948,612.8368044,38.38383838,295.5406062
Sling,24.77342667,607.1648129,41.41414141,294.3378721
Newyorkcoin,25.07154245,636.8038724,7.070707071,292.250715
Real,24.71739659,604.4398947,27.27272727,286.7424195
Credencecoin,24.49217527,596.6191923,32.32323232,285.4733086
Grimcoin,24.45159273,603.5479779,14.14141414,280.4053857
Presidentjohnson,24.35509414,595.6892246,17.17171717,278.2229332
Trident,24.33751099,586.4470688,25.25252525,277.6985684
Galactrum,24.24374685,584.7548668,22.22222222,275.5640647
Eaglecoin,23.67571696,577.3060471,28.28282828,274.8825656
Mindcoin,24.03072933,582.0096728,17.17171717,272.0346984
Soldo,23.68318116,558.0059231,38.38383838,270.7437108
Blockchaincapital,24.00929501,575.3791016,18.18181818,269.5033434
Qchain,24.02784233,566.0350965,27.27272727,269.3913049
Fonero,24.08546398,563.925023,20.2020202,265.2657159
Volcoin,23.18036502,541.9565665,40.4040404,264.3803096
Kayicoin,23.1962162,544.1896396,25.25252525,258.5685958
Bolenum,23.43120042,541.8205594,26.26262626,257.9805536
Conspiracycoin,23.33714304,547.5958181,7.070707071,251.9336506
Thebasis,22.66389701,512.6112034,32.32323232,247.4868858
Sparks,22.13441639,494.1271279,47.47474747,245.9342855
Virtaunique,22.09185315,487.6865325,42.42424242,240.759034
Daneel,21.54096265,482.6466249,36.36363636,235.7087138
Sandcoin,21.51277425,467.7522807,45.45454545,233.0943492
Tiesnetwork,20.95012956,443.7540372,47.47474747,223.147966
Mercuryprotocol,21.51852986,457.0064693,28.28282828,220.5320369
Boostcoin,21.73599154,465.6079236,9.090909091,215.7880739
Life,20.9929231,443.919897,24.24242424,212.7723369
Swapcoin,20.84257091,433.4418442,29.29292929,210.3149052
Tune,20.14331721,407.3328686,51.51515152,208.4959408
Bitspace,20.60351803,423.7402097,26.26262626,204.561628
Highcoin,20.51772077,413.710551,35.35353535,204.1306109
Nihilocoin,20.4872441,416.2537964,25.25252525,200.7265692
Cheese,20.4400425,406.511009,33.33333333,199.9739583
Winco,19.55871807,387.9056172,49.49494949,198.7861268
Touristtoken,20.07747861,407.2086757,21.21212121,194.7971065
Javascripttoken,19.82709839,414.5378697,11.11111111,193.5247512
Ongsocial,19.9643065,394.2095674,31.31313131,193.481645
Homeblockcoin,19.63199593,384.4690724,40.4040404,193.1561004
Luckybit,20.21817756,396.4049148,26.26262626,192.2222112
Blitzpredict,19.54826833,385.6534388,27.27272727,187.7716015
Foodcoin,19.68429631,388.101012,22.22222222,186.613885
Prospectorsgold,20.22585722,407.2788492,1.01010101,185.7526133
Emercoin,19.59928274,372.9813728,35.35353535,185.7106369
Commodityadnet,19.64362306,378.5098137,27.27272727,184.5665057
Htmlcoin,19.11089276,370.1667554,29.29292929,181.6679474
Fincoin,19.08660334,362.2249334,34.34343434,180.3644258
Stationcoin,19.03267809,358.0052547,37.37373737,179.8238142
Verify,18.93811966,358.6030722,34.34343434,178.7197399
Bitcoinwspectrum,19.03160687,354.1000248,37.37373737,178.0663537
Faircoin,19.39061511,372.1780113,17.17171717,177.1464393
Lancertoken,18.88998006,355.7240927,33.33333333,176.9648397
Erc20,19.24317819,370.4182342,15.15151515,175.430705
Northernnetwork,18.52600511,335.6920271,40.4040404,171.0958309
Tristarcoin,17.8714723,323.1994552,49.49494949,169.4996293
Ebit,19.20951458,368.2885233,4.04040404,169.4689688
KrugerCoin,18.85709959,358.570814,13.13131313,169.1516672
Starcashnetwork,18.11348927,326.922509,41.41414141,167.5628416
Logarithm,19.07629923,354.7185225,10.1010101,166.0764196
Dinero,17.83131668,319.4139909,43.43434343,165.0648821
TekCoin,18.07113667,325.7741157,32.32323232,162.9509203
Bitsense,18.37683503,332.1105749,21.21212121,160.8328968
Fujinto,17.87240182,319.5307127,29.29292929,158.7578791
Bastonet,18.224127,331.3389709,15.15151515,157.7431314
Emaratcoin,18.12641752,325.9793805,20.2020202,157.5942721
Twinkle,17.75637294,309.4850356,36.36363636,157.4075397
Escroco,17.56554135,313.540385,32.32323232,157.3951819
Unityingot,17.1807081,294.459476,47.47474747,155.5884714
Bithire,17.93763417,315.6592693,24.24242424,154.7495255
Alphabit,18.11283608,323.6561868,16.16161616,154.729295
Bitboost,17.42707792,309.6687314,28.28282828,153.8209096
Realisto,18.10796421,315.6458686,19.19191919,152.4878009
Veggie,17.26505847,303.0041104,30.3030303,151.7147192
RonPaulCoin,17.10789525,292.8629391,39.39393939,151.2263848
Hyper,18.31921373,325.0476958,5.050505051,150.3761118
Boutspro,17.27153845,285.5429279,39.39393939,147.9487441
Viewly,16.6986323,282.0750461,40.4040404,146.7854521
Advancedinternet,17.84258793,306.6092255,14.14141414,146.1220466
Vulcano,16.78654198,280.1515406,40.4040404,145.9286657
Xenon,16.62749328,275.6863286,42.42424242,144.8125063
Espers,16.94203664,289.456564,27.27272727,144.2223847
Roofs,16.44240148,269.51631,43.43434343,142.4720342
Aurumcoin,16.34928084,277.0560178,35.35353535,142.219227
Centra,16.48436582,265.9454783,44.44444444,141.3239018
Goldreward,16.7362414,275.7872966,34.34343434,141.2324531
Speedcash,15.973836,259.4914272,47.47474747,139.7321622
Bitconnect,17.08961862,275.4939256,30.3030303,139.317592
Sucrecoin,16.32811295,268.7118408,36.36363636,138.916776
Marblecoin,15.95974554,253.5064242,49.49494949,137.9465927
Bitserial,16.81926305,268.7902776,30.3030303,136.2739149
Cloud,15.89060745,250.6132552,46.46464646,135.2741165
Bitblocks,16.19102004,258.5031048,37.37373737,134.763681
Itt,16.09761913,261.0369279,34.34343434,134.5309249
Bitquark,16.15099392,262.9786955,28.28282828,132.6827851
Greencoin,16.4293787,267.165134,20.2020202,130.9581572
Smartinvestment,17.15529335,281.826009,5.050505051,130.8099607
Autonio,15.46113623,237.0464122,48.48484848,130.0351809
Runners,15.52954354,246.5838588,38.38383838,129.7884181
Internetofthing,16.53491087,274.5548692,10.1010101,129.7486368
Bitair,16.11116949,255.5292598,27.27272727,128.8720111
Francs,15.91912782,249.2831219,33.33333333,128.7693176
Popularcoin,16.62081144,267.9977343,13.13131313,128.1701525
Highgain,16.68996085,269.8004709,10.1010101,127.6246626
Soma,16.22282994,261.5626985,15.15151515,126.1436791
Litecoinwplus,15.3058814,233.7986498,39.39393939,124.4672533
Centurion,16.20181587,253.4273933,18.18181818,123.8443268
Omegacoin,14.5331217,221.4450571,50.50505051,123.8308606
Gigawatt,15.7004931,242.5850367,28.28282828,123.4605885
Pizzacoin,15.86975738,249.9001587,14.14141414,120.4056835
Dero,14.44503575,215.800668,48.48484848,120.372986
Alpacoin,15.88734173,243.0929399,19.19191919,119.6169208
Crevacoin,16.21703463,254.9232624,7.070707071,119.5189897
Jesuscoin,16.19588891,256.1910935,4.04040404,118.7237628
Bitcoinwhite,16.13758645,252.0950677,7.070707071,118.2383573
Phantomx,15.5031187,238.5154887,20.2020202,117.9731909
Muncoin,14.11082493,214.92349,43.43434343,117.6721075
Goodomy,15.47638382,238.4421896,19.19191919,117.4829873
Lightningbitcoin,14.48820237,209.7990397,46.46464646,116.767479
Teslacoilcoin,14.80489366,217.6851894,34.34343434,114.8933701
Natcoin,15.80818509,240.9125768,10.1010101,114.5369326
Daocasino,13.99884058,199.2257718,48.48484848,112.8696632
Oceanlab,14.83872074,223.3387951,23.23232323,112.4408753
Bitbase,15.45289602,229.8156224,16.16161616,112.2350469
Mediccoin,14.17590442,201.0491742,43.43434343,111.4351734
Octoincoin,13.56303509,191.5665892,49.49494949,109.8339959
Ultranote,14.11226988,200.1715474,40.4040404,109.6702415
Arbitracoin,14.10965788,193.446402,46.46464646,109.3709376
Targetcoin,13.64821252,191.0543747,47.47474747,108.7029262
Vantaur,13.99295102,194.9143282,43.43434343,108.6561973
Intensecoin,14.30901853,200.8835704,37.37373737,108.6466904
Elementrem,14.52496774,203.7727699,33.33333333,108.1502432
Zcashgold,13.83504712,190.7001335,46.46464646,108.1076557
Atbcoin,14.41018886,201.738766,33.33333333,107.2234636
Nitro,14.09826396,197.0109248,35.35353535,105.9738335
Esportsreward,14.37030717,204.9888341,25.25252525,105.0456424
Footy,14.37082664,204.416529,25.25252525,104.7881571
Bitcoinereum,14.50701564,211.9345376,15.15151515,103.6394253
Bitsum,13.88505699,190.9303828,34.34343434,102.7617234
Cachecoin,14.01961636,192.4078245,32.32323232,102.5309372
Neuro,14.15336931,195.0727441,27.27272727,101.4707991
Dutchcoin,14.68094721,208.9184862,13.13131313,101.3905044
Giantbirdcoin,14.17843326,192.2190869,27.27272727,100.1891597
Sxdt,12.90177013,167.7282322,50.50505051,99.49515422
Ethbits,13.29345436,181.5514383,36.36363636,99.39112903
Dovu,14.87787224,208.8114776,8.080808081,99.08931579
Mintcoin,14.34864095,196.0269535,17.17171717,97.37426588
Concoin,14.06654769,194.9242006,18.18181818,97.30436323
Electra,13.66774336,182.6540683,29.29292929,96.74292327
Coinonatx,13.5179304,173.4855668,36.36363636,95.78393448
FireflyCoin,14.01015192,199.5124069,9.090909091,95.27250738
Authorship,12.97835342,164.9054278,43.43434343,95.05073238
Vezt,12.75817434,160.4512967,44.44444444,93.47890093
Gpucoin,12.34451462,160.827778,43.43434343,93.15240613
Crystalclear,12.91550636,162.1021694,40.4040404,92.41934507
Rapture,12.55816519,154.2487719,46.46464646,91.57685477
Presidenttrump,13.15329077,169.7898007,27.27272727,89.99346668
Goldmaxcoin,13.4549105,180.0218428,14.14141414,88.71895665
Atfs,13.28170684,173.9066127,20.2020202,88.67705549
Sgelderger,12.69649738,160.6975668,33.33333333,88.58355482
Bricktox,13.01437207,165.406739,27.27272727,88.00719701
Turtlecoin,12.42510861,155.3581154,37.37373737,87.9718446
Bitsoar,12.98567399,163.9810742,28.28282828,87.81732353
AmericanCoin,13.81938833,185.8693074,6.060606061,87.75039991
Wavesgo,13.15785255,173.4272035,18.18181818,87.539845
Aditus,12.75411317,155.0491467,36.36363636,87.41116371
Whalecoin,12.01254166,142.7428402,48.48484848,87.25371409
Ethersportz,12.94123285,165.7307089,25.25252525,87.23657867
Hicoin,12.36749739,154.5264324,36.36363636,87.13728066
Game,11.91740792,141.6785916,48.48484848,86.76528885
Fapcoin,13.22917979,176.8705712,12.12121212,86.36922048
Globaltoken,12.84917748,163.02249,23.23232323,85.09958369
Bold,13.29792134,175.6757385,10.1010101,84.92932902
Abjcoin,12.6046974,162.5754256,23.23232323,84.87395671
Uscoin,11.88375686,140.9346789,44.44444444,84.60898117
Cabbage,12.95187773,164.4920976,20.2020202,84.40754076
Infocoin,12.54647758,157.8837528,26.26262626,84.12051832
Bitcoindiamond,12.5240353,143.2836975,40.4040404,83.91188557
Kuberacoin,12.33034306,152.9993322,30.3030303,83.71909745
Trollcoin,11.77195213,141.1476874,41.41414141,83.33001819
Echat,12.30160948,147.75822,32.32323232,82.26681447
Pure,11.84676412,134.0356045,44.44444444,81.50069844
Davorcoin,11.61589304,135.4937531,40.4040404,80.31559637
Nanjcoin,12.24493398,145.1125914,30.3030303,80.16152316
Scorecoin,11.18033628,126.9057767,47.47474747,79.58926949
Sigil,11.08114671,127.5018673,45.45454545,78.93850042
Swisscoin,11.27948249,131.342999,40.4040404,78.414116
Colossuscoinxt,10.88747826,119.5952749,51.51515152,78.08843971
Emovieventure,11.97768037,158.7242684,12.12121212,78.07823429
Desire,11.05742457,123.1099268,47.47474747,77.86884586
Xinfin,11.36205798,124.7569375,45.45454545,77.73137314
Wispr,11.35615412,128.5502799,41.41414141,77.61960499
Techshares,11.46332763,128.5592571,40.4040404,77.17981662
Tao,11.45038501,130.3340986,38.38383838,77.06811013
Colossuscoinv2,12.63459372,158.9025442,9.090909091,76.86051333
Cometcoin,11.4037064,126.5882948,39.39393939,75.83237603
Digimoney,12.77992636,153.3912093,12.12121212,75.75858226
Privatix,10.9197038,121.4529763,44.44444444,75.74580973
Hollywoodcoin,11.98002657,138.7035088,26.26262626,75.43276346
Gridplus,11.75697346,134.6366381,30.3030303,75.39854812
Deuscoin,11.32917818,124.0932841,40.4040404,75.15671386
Opcoin,11.59114073,127.9266285,36.36363636,75.08973324
Latium,11.49033241,130.5474889,33.33333333,74.89540324
Encryptotel,12.19671106,147.1982238,16.16161616,74.73159908
Minereum,11.03372759,117.1787674,45.45454545,74.28836355
Credits,11.08684488,123.1085866,39.39393939,74.23482121
Indiacoin,11.49387023,132.9670568,29.29292929,74.16638077
Dnotes,10.59906428,117.0394492,44.44444444,73.72765856
Pluscoin,13.09286669,159.8709623,1.01010101,73.70576518
Tokendesk,10.37702993,108.6445358,50.50505051,72.65501681
Mobilecash,12.43298468,152.5159937,6.060606061,72.60276834
Superbitcoin,10.92464219,116.0624756,41.41414141,71.95694188
Himutualsociety,11.3309696,123.601672,33.33333333,71.75384935
Futcoin,12.07617317,145.6218773,10.1010101,71.28291665
Cif,12.23618881,145.4015645,10.1010101,71.19977744
Alqo,11.10960643,118.3320023,37.37373737,71.1785435
Votecoin,10.62475349,116.8636354,38.38383838,70.92383853
Superiorcoin,10.45035135,110.6902972,44.44444444,70.85566889
Sola,11.53600509,134.060635,20.2020202,70.57179537
Zclassic,9.547108478,104.1088697,50.50505051,70.53097495
Petrodollar,10.83204513,112.5767374,41.41414141,70.37909999
Sterlingcoin,10.88208701,115.9246352,37.37373737,70.07247637
Dinastycoin,11.59655671,132.8592006,20.2020202,70.03720503
Fucktoken,10.93512517,131.9585722,21.21212121,70.02032457
Kzcash,10.21704856,105.7960993,47.47474747,69.99358592
Shekel,10.60625845,111.738059,41.41414141,69.97911603
X8xtoken,10.2639132,107.8085214,43.43434343,69.0856805
Sharpecapital,10.40906943,111.8979767,38.38383838,68.66772372
Postoken,12.28544568,141.7751897,8.080808081,68.66374356
Isotope,12.09964971,145.2885296,4.04040404,68.40798512
Interstellar,10.59263592,109.0008189,40.4040404,68.29145027
Tittiecoin,10.19627304,108.0512219,41.41414141,68.2790408
Moin,10.88152405,115.4611038,33.33333333,68.04564911
Sficoin,10.36095582,109.2381388,38.38383838,67.46598529
Cryptoinsight,11.58977176,127.5017606,18.18181818,66.71658763
Paypie,11.0833021,117.4597844,28.28282828,66.69250593
Opus,11.53143272,128.3913395,17.17171717,66.65651879
Eacoin,10.99279258,121.0541306,24.24242424,66.48272892
Tigereum,9.63068243,94.32994962,50.50505051,66.1388183
Hurify,10.8923348,114.974098,28.28282828,65.55485029
Yenten,9.82185271,101.8931345,41.41414141,65.47045942
Pabyosicoin,11.17021003,125.2813754,17.17171717,65.22091266
Zozocoin,10.13975677,102.0823236,40.4040404,65.1328395
Visio,10.83081763,118.5874056,23.23232323,64.90195976
Garlicoin,10.52010968,109.5292492,32.32323232,64.88562765
Goalbonanza,10.59961397,110.3518713,31.31313131,64.80921256
Briacoin,10.48746577,109.9901362,31.31313131,64.63521696
Ibtc,11.41749201,130.0929922,10.1010101,64.22905022
Profileutility,10.22316558,102.6738829,37.37373737,64.04374569
Greenmed,9.650025805,90.66679575,49.49494949,64.03778794
Masari,9.714549354,95.47512806,44.44444444,63.93526256
Lanacoin,10.57607589,114.9059039,24.24242424,63.67435524
Trezarcoin,9.432821965,89.49583708,49.49494949,63.48913616
Blockpool,11.24444736,121.7870663,16.16161616,63.20135182
Dimcoin,9.77732859,94.10764536,43.43434343,62.87162782
Iticoin,10.94012216,114.7766171,22.22222222,62.74348992
Btclite,11.23351211,122.7084568,14.14141414,62.70579312
Flik,10.57069927,111.412047,25.25252525,62.55612746
Drxone,10.21194603,104.2869734,32.32323232,62.49578717
Wildcrypto,9.318813081,89.21492958,47.47474747,62.44223598
Firstbitcoincapital,11.52476151,131.078795,5.050505051,62.41066116
Quotient,11.15832732,122.0346706,14.14141414,62.39507087
Lalaworld,9.520603727,97.5726784,37.37373737,61.67794747
Bitrewards,10.685623,108.4035369,25.25252525,61.21379026
Unitus,9.419082094,86.41635502,46.46464646,60.73835888
Coimatic3,10.73331101,115.0917001,17.17171717,60.59186887
Sativacoin,9.812243651,91.9337165,39.39393939,60.07866952
Guts,10.35708368,101.8139261,28.28282828,59.57924786
Bluecoin,10.2806425,99.6347519,30.3030303,59.50006624
Rublix,8.816477663,80.1032145,48.48484848,58.74627611
Extensive coin,10.88407937,116.3286749,11.11111111,58.43631166
Monaco,9.934303092,96.2924628,31.31313131,58.41594766
Bitstar,10.99104458,113.8461718,13.13131313,58.2389727
Plexcoin,9.83290683,94.83901614,32.32323232,58.20630249
Raptur,8.0022291,69.25279072,57.57575758,57.87306964
Bolivarcoin,9.529686933,87.49430272,38.38383838,57.59813219
Maecenas,9.883355586,94.24413566,31.31313131,57.4891057
Aces,10.60025959,114.1165974,11.11111111,57.41249477
Sugarexchange,8.395359089,71.95481103,53.53535354,57.31010996
Royalkingdom,8.601313134,72.63219867,52.52525253,57.18098435
Billionairetoken,10.11295557,94.25209679,30.3030303,57.06110275
Ethereumcash,9.24891432,81.90236971,42.42424242,56.87186689
Titaniumblockchain,8.451199568,74.82887933,49.49494949,56.79084293
Risksharingtoken,10.30618632,105.837518,17.17171717,56.38477445
Aquariuscoin,9.374044989,92.78602536,30.3030303,56.32747955
Straks,8.198561241,68.87148172,53.53535354,55.90293199
Aichain,8.660983842,71.7128836,50.50505051,55.86416873
Lizi,11.32790291,117.2798188,4.04040404,55.72689059
Fujicoin,10.29843862,102.1200214,19.19191919,55.62021712
Dignity,8.890999303,81.15118651,40.4040404,55.58895204
Odem,8.052072535,78.19126586,43.43434343,55.53673144
Animecoin,8.872616551,79.38469589,41.41414141,55.24673844
Mobilego,9.332969566,79.54675191,40.4040404,54.9111535
Pegascoin,8.923470519,80.55917908,39.39393939,54.87125036
Bonpay,8.964072163,74.03753215,45.45454545,54.66784214
Consensus,9.460411481,87.79231792,31.31313131,54.5434933
Universalcurrency,8.341855654,70.68814517,48.48484848,54.46203271
Antsreloaded,10.89043265,112.5450598,5.050505051,54.00704745
Napoleonx,8.530700159,73.53938111,44.44444444,53.94579152
Getx,9.060622074,82.15170701,35.35353535,53.78342127
Etherdeltatoken,9.801438126,87.93698356,29.29292929,53.7336046
Eottoken,9.958558737,93.49086784,23.23232323,53.52129185
Flaxscript,9.982137272,97.5135582,19.19191919,53.51567855
Travelflex,7.036771805,54.48679433,62.62626263,53.40455281
Qbic,9.205661071,77.64682125,38.38383838,53.13436294
Coinlancer,8.209843796,69.58915463,46.46464646,53.04519487
Litebitcoin,8.641781913,72.01869616,43.43434343,52.81804601
Peculium,8.647982295,74.69356147,40.4040404,52.65871907
Ecobit,8.862363673,77.78888897,36.36363636,52.25487277
Rex,10.52661489,109.6652592,4.04040404,52.22020995
Dether,9.313304147,83.52472489,30.3030303,52.15382025
eMark,9.23080727,79.35286499,34.34343434,52.08641543
Kin,11.08224345,110.3238301,2.02020202,51.6630388
Neogold,9.093070322,81.04448645,31.31313131,51.47023502
Apollon,8.615176046,73.53226917,38.38383838,51.223766
Equal,9.594389435,86.25952784,25.25252525,51.13986283
Neverdie,8.286806992,70.35915404,41.41414141,51.12666366
Altcoin,9.215271269,84.23649164,27.27272727,51.10067564
Ccore,10.10033824,103.1377186,8.080808081,51.05837085
Ehorse,7.551440994,58.96051028,52.52525253,50.92373736
Securecoin,8.472486464,71.77592944,39.39393939,50.87368962
Oceanchain,8.866575787,78.74614203,32.32323232,50.86787604
Nyxcoin,8.762434227,77.24314587,33.33333333,50.63565906
Viceindustry,8.370414371,68.10694689,42.42424242,50.57607663
Farad,8.8985282,78.97875212,31.31313131,50.52120036
Halalchain,8.528792446,69.56952005,40.4040404,50.34098145
Happycoin,9.721692012,87.38146948,22.22222222,50.29383047
Bitasean,9.866900772,90.30762809,19.19191919,50.26148635
Cerium,10.378266,99.83532825,9.090909091,50.05463341
Daxxcoin,9.863134619,89.34968455,19.19191919,49.83003515
Tokcoin,8.794364298,77.90971472,30.3030303,49.57517169
Indahash,8.353583074,65.6553729,42.42424242,49.4711852
Rupee,7.845656039,62.10830461,45.45454545,49.18784813
Cryptopay,8.540576352,70.85669935,36.36363636,49.10320871
Cypher,10.05539615,94.47906621,12.12121212,48.97566486
Aladincoin,8.894048448,74.15038552,32.32323232,48.80253288
Gems,8.534909435,70.1602618,36.36363636,48.78924512
Growers,9.245431418,81.99056034,24.24242424,48.7293862
Tokugawa,7.172615565,54.58266369,51.51515152,48.4612784
Allsafe,9.097060121,79.16434886,26.26262626,48.35184482
Signaltoken,7.983479262,63.95011472,41.41414141,48.21226319
Adcoin,8.07935223,66.67388099,38.38383838,48.08390894
Switcheo,7.013078935,50.74215286,54.54545455,48.08073123
Mixblockchain,10.16253253,100.3884324,4.04040404,48.00922965
Coinstarter,7.904623394,60.63393645,43.43434343,47.62118829
Qbao,8.379259385,66.53333781,37.37373737,47.59610977
Harvestmasternode,8.873469363,73.10737322,30.3030303,47.42202852
Sagacoin,7.662009667,57.03536405,46.46464646,47.3412057
Martexcoin,9.366550008,87.48495761,15.15151515,47.12306774
Teslacoin,6.928689767,48.74441777,53.53535354,46.71876607
Tokenpay,7.489256117,56.42581575,45.45454545,46.59508816
Anryze,9.106078891,80.16304991,21.21212121,46.5294349
Atmtoken,10.0647236,100.9435981,0,46.4310915
Hirematch,8.336280609,65.96673086,35.35353535,46.42774786
Tracto,7.342907967,53.85981548,47.47474747,46.33484413
Ethereumblue,7.666655987,60.82447545,40.4040404,46.31949773
Bitcoingod,7.006501046,47.69626767,53.53535354,46.25487965
Tajcoin,7.45649935,56.58680561,44.44444444,46.20971246
Cresentnetwork,9.982568324,100.4571866,0,46.20399082
Nekonium,8.243368268,65.02133974,35.35353535,45.99303062
Tokenclub,7.014164814,52.08424503,48.48484848,45.95750856
Stipend,7.812482496,59.95550734,40.4040404,45.94304474
Zoin,6.923747043,48.89134598,51.51515152,45.87529858
Ufo,7.494565494,57.74871498,42.42424242,45.82728738
Bezop,7.115570608,50.36834077,49.49494949,45.65003768
Fidentiax,7.601909068,56.83606973,42.42424242,45.42733138
Chronologic,8.142107307,65.79086652,33.33333333,45.42010067
Fyn,7.632944403,58.42638654,40.4040404,45.23698656
Shacoin,6.846783095,50.32771301,48.48484848,45.15033098
Masternodecoin,8.521489956,67.81656251,30.3030303,45.00596576
Cartaxitoken,7.568104002,55.76836513,42.42424242,44.9434838
Solaris,6.064863476,41.2044358,56.56565657,44.60302791
Sharechain,6.824253073,48.66618457,48.48484848,44.40039018
Trumpcoin,5.889380506,39.54444745,57.57575758,44.29303031
Ucash,6.991143625,51.39552894,45.45454545,44.28164784
Digipulse,7.541690356,53.13837442,43.43434343,44.21189207
Sucre,7.618194043,59.56598665,36.36363636,43.93014976
Maxcoin,8.384298781,61.29323103,34.34343434,43.8749293
Starcredits,7.748602071,64.40237306,31.31313131,43.84683717
Titcoin,6.745180851,47.37954527,48.48484848,43.81349528
Cashandbackcoin,9.586082136,94.13601985,1.01010101,43.7743626
Atmchain,7.608324226,57.81734089,37.37373737,43.59681764
Swarm,8.119639536,62.56710034,32.32323232,43.51261365
Litecoinplus,7.938285396,61.45160296,33.33333333,43.44704987
Vpncoin,7.276731481,53.14513201,41.41414141,43.27934619
Wicoin,7.282758428,54.01208661,40.4040404,43.215533
Skeincoin,7.640275095,58.80633055,35.35353535,43.13596717
Coinmeet,9.083084372,84.50043811,9.090909091,43.02441468
Reftoken,7.388811506,50.32425331,43.43434343,42.93024969
Universe,6.164862935,42.35877084,51.51515152,42.85975135
Voxels,5.810107431,36.00655723,57.57575758,42.69305241
Funcoin,8.585083297,66.4857711,26.26262626,42.59528714
Steepcoin,7.246911272,49.28684457,43.43434343,42.44922573
Numus,6.944055292,47.55487681,44.44444444,42.09410009
Adelphoi,8.610184107,76.29354178,15.15151515,42.01129403
Minexcoin,6.697386451,48.16087126,43.43434343,41.88758526
Valuechain,6.964398112,48.07885018,43.43434343,41.87737694
Jiyocoin,7.345151914,49.82134254,41.41414141,41.79048297
Ignis,8.17886382,61.54842862,29.29292929,41.69649744
Hoqu,7.525156075,52.47768407,38.38383838,41.64020071
Insightsnetwork,8.069736036,62.23746756,28.28282828,41.54110673
Crocodilecash,7.540624711,55.09662718,35.35353535,41.45663561
Cryptocarbon,7.545197205,54.08221867,36.36363636,41.45515448
Hellogold,7.310128731,50.08300119,40.4040404,41.45018159
Idexmembership,7.440506205,54.23038772,35.35353535,41.056816
Sharex,6.720314806,46.17267122,43.43434343,40.99518808
Bitcoinfast,7.306910862,52.04407568,37.37373737,40.96870696
Smartcash,6.150005591,38.0529984,51.51515152,40.92066802
Hydroprotocol,6.647530616,42.75952587,46.46464646,40.81563061
Ignition,7.398016108,51.29447631,37.37373737,40.64049777
Akuyacoin,8.88402791,74.00029907,14.14141414,40.55217374
300token,8.834633042,71.44907152,16.16161616,40.30827276
Starchain,6.788108973,47.36328386,40.4040404,40.17410682
Argo,7.49624169,51.16620487,36.36363636,40.13805272
PrimeCoin,7.653368372,57.08392371,30.3030303,40.08946614
Leviarcoin,7.538330592,57.10756049,30.3030303,40.08859892
Firstcoin,6.914634672,42.9627378,44.44444444,40.02469548
Publica,6.806206378,40.96434721,46.46464646,40.02366779
Eztoken,6.833458105,43.86832234,43.43434343,39.96954541
Entcash,7.16992912,49.79590138,37.37373737,39.94333035
Fairgame,7.033546356,44.61164791,42.42424242,39.86950529
Bottos,7.34675229,52.59297047,34.34343434,39.85605739
Fluzfluz,6.569433614,40.50146057,46.46464646,39.79169152
Lif,6.88170967,47.00535339,39.39393939,39.56785272
Cryptoforecast,9.022624617,84.82742227,1.01010101,39.52914794
B2bx,6.365030926,38.80857731,47.47474747,39.46399925
Steneumcoin,5.655656057,34.63279791,51.51515152,39.33214285
Blockcdn,7.205248641,44.34862294,41.41414141,39.31376882
Neulet,8.973698831,78.2709595,7.070707071,39.30111984
Unitedtraders,6.149343655,38.22496402,47.47474747,39.17980454
Propy,6.811050716,43.5716462,41.41414141,38.9247095
Bounty0x,6.758566532,40.3652847,44.44444444,38.84023477
Dropil,6.873235524,48.38530638,36.36363636,38.82434779
Algory,8.011072779,62.09960834,22.22222222,38.74593103
Paragon,6.229852781,36.10162014,48.48484848,38.68689616
Draftcoin,6.547256964,41.96269803,42.42424242,38.6288489
Anarchistsprime,7.860381929,58.70238184,25.25252525,38.56574639
Callisto,6.51190081,41.75346152,42.42424242,38.53115686
Bitcoinprivate,7.294655076,48.6110005,35.35353535,38.51350664
Crycash,7.194561095,47.3885904,36.36363636,38.40795815
Unify,5.651784044,33.40888375,50.50505051,38.32644882
Insanecoin,7.971646612,58.12045915,25.25252525,38.31500764
Netko,7.743861509,55.12117526,28.28282828,38.30618775
Zennies,6.720200448,44.05653532,39.39393939,38.22473367
Digitaldevelopers,7.68762425,58.96119239,24.24242424,38.21038991
Magiccoin,7.605936747,54.88951678,28.28282828,38.18814895
Corion,7.562918593,54.8882247,28.28282828,38.1832657
Equitrader,7.294019316,51.73965717,31.31313131,38.10315675
Msd,7.515728624,51.52762655,31.31313131,38.0299139
Lendroid,7.752282329,56.15050251,26.26262626,37.86113618
Bitcedi,7.834410129,62.11885414,20.2020202,37.82783447
Ultracoin,6.060778941,37.06299956,45.45454545,37.73897315
Internxt,7.080605377,45.7185009,36.36363636,37.64502231
Triatoken,7.596007477,58.6737523,23.23232323,37.61733474
Passive,8.413788092,69.50172603,12.12121212,37.57170098
Postcoin,6.893070452,47.56077883,34.34343434,37.54620298
Blakecoin,7.770207899,56.40581146,25.25252525,37.52327231
Earthcoin,8.696026685,71.14815105,10.1010101,37.43172519
Tokenbox,6.215161369,39.14053715,42.42424242,37.32566695
Adzcoin,5.962190598,37.04125109,44.44444444,37.26478205
Achilles,7.586674351,57.8681897,23.23232323,37.25389825
Regalseven,7.919930094,60.75807772,20.2020202,37.22403707
Lunacoin,7.83874896,62.5268454,18.18181818,37.10277351
Dentacoin,7.974499818,61.31178503,19.19191919,37.02411688
Cfun,7.025780353,45.27101355,35.35353535,36.98362504
Crowdcoin,5.995947354,33.25358568,47.47474747,36.92734465
Npccoin,8.958423615,72.74737619,7.070707071,36.81397983
Etherecash,7.288241037,47.85511213,32.32323232,36.80907911
Bitdeal,6.791407289,44.64234902,35.35353535,36.6772887
Zero,5.840703119,35.74232659,44.44444444,36.66811728
Zilbercoin,5.720268336,33.63745339,46.46464646,36.61797177
Mixin,6.640133297,47.56064292,32.32323232,36.61175719
Rentberry,6.707631646,43.45871923,36.36363636,36.59082318
Ico,7.797007043,54.99261619,24.24242424,36.4354689
Regalcoin,6.358392063,37.94080149,41.41414141,36.34556351
Unitedbitcoin,4.212017476,20.08645251,59.5959596,36.2782872
Safeexchange,5.43830301,32.89392957,46.46464646,36.25518951
Datx,7.029495002,47.68498522,31.31313131,36.25210194
Tidextoken,5.587016828,31.75835243,47.47474747,36.21359664
Arcticcoin,7.03513358,47.48697095,31.31313131,36.16355938
Sether,5.374723827,29.56317694,49.49494949,36.11362928
Bestchain,6.842906711,45.37348395,33.33333333,36.10235845
Animationvision,5.681029004,32.38404104,46.46464646,36.05001228
Version,5.879358703,37.276903,41.41414141,35.99890586
Blockcat,6.433390153,36.02198097,42.42424242,35.94413954
Vtorrent,5.219204347,28.1518005,50.50505051,35.91750339
Truckcoin,5.800155005,35.03511957,43.43434343,35.89127385
Eltcoin,8.800684675,70.57840422,7.070707071,35.82216855
Noblecoin,7.882657495,55.62309588,22.22222222,35.8186589
Sirinlabs,4.407639956,21.87263239,56.56565657,35.73799403
Smartlands,5.907080351,35.35740806,42.42424242,35.59245075
Cbit,7.737326383,55.92027318,21.21212121,35.48331011
Bitpark coin,8.343952454,66.84092623,10.1010101,35.45826659
Bitcrystal,9.002220168,74.74429968,2.02020202,35.44424778
MegaCoin,6.128571622,39.66152797,37.37373737,35.27872657
Wagerr,6.356903856,41.56580777,35.35353535,35.24939479
Ebitcoincash,7.509693294,53.2772764,23.23232323,35.18028916
Shield,4.836339056,25.49269177,51.51515152,35.13716339
Goldmint,7.778803688,54.03911547,22.22222222,35.09548233
Bitcoingreen,6.380749882,40.17542227,36.36363636,35.08065137
Gocoin,7.558593154,53.03308266,23.23232323,35.07529197
Yocoin,5.480161811,32.13726431,44.44444444,35.00978512
Titaniumbar,5.147712267,27.10865782,49.49494949,34.98639452
Linx,6.357744132,34.65056825,41.41414141,34.86489376
Can,6.873871326,42.48389031,33.33333333,34.80513777
Tokyo,5.969822246,36.40488594,39.39393939,34.70645363
Force,7.177988616,48.24269246,27.27272727,34.69973774
Compucoin,7.243314946,50.03452554,25.25252525,34.60350435
Veritaseum,5.557619975,30.11586367,45.45454545,34.56244611
Renos,7.727422612,52.83600381,22.22222222,34.54894398
Polcoin,7.211860778,52.90967492,22.22222222,34.53053979
Bitcoinunicorn,7.428817267,53.66313318,21.21212121,34.4367462
Shellcoin,6.316129182,41.77451855,33.33333333,34.43014627
Deviant,6.650141196,38.51821677,36.36363636,34.36184803
Worldcoin,4.664876357,24.75983491,50.50505051,34.33568607
Waykichain,5.027196094,26.37863206,48.48484848,34.19128586
Terranova,5.813054698,36.26881335,38.38383838,34.17499875
Revolvercoin,6.959080626,43.96057358,30.3030303,34.11452981
Newbium,7.592213588,59.95119996,14.14141414,34.1008977
Starta,7.949929844,63.80864062,10.1010101,34.05433581
Russiacoin,5.637734942,34.95461117,39.39393939,34.02062125
Amlttoken,6.656776015,41.67226596,32.32323232,33.96365183
Shipchain,4.736791429,21.85073684,52.52525253,33.94287436
Bitdegree,6.197731226,34.65028356,39.39393939,33.93967345
Procurrency,5.262283405,27.75555055,46.46464646,33.925317
Ink,5.638585332,27.64315854,46.46464646,33.91237078
PhoenixCoin,5.896918474,33.45757519,40.4040404,33.82741887
Copytrack,4.812041679,25.59039107,48.48484848,33.81506197
Ruff,4.671852823,22.49477063,51.51515152,33.77165025
Sportyco,5.807448123,34.36190653,39.39393939,33.77087548
Rimbit,7.336182343,49.95084742,23.23232323,33.66604503
Rivetz,5.669634109,32.08054557,41.41414141,33.63957255
Biblepay,6.212923478,36.98854273,36.36363636,33.62977294
Facecoin,8.177573772,71.81656123,1.01010101,33.58975538
Zeepin,4.560254173,24.12539171,49.49494949,33.58517896
Bata,5.277491619,24.96678868,48.48484848,33.58098589
Smscoin,4.991141138,25.71395101,47.47474747,33.43402843
Leverj,6.103931235,33.39509206,39.39393939,33.36545728
Bitcoal,7.245722369,46.11835642,26.26262626,33.29601444
Flip,5.648156866,32.19666761,40.4040404,33.23513429
Sumokoin,4.852641068,25.30113189,47.47474747,33.23440982
Maggie,5.373696303,27.92379898,44.44444444,33.10307917
Harmonycoin,6.97144951,43.71402041,28.28282828,33.09572686
Ecurrencycoin,6.735083595,40.72927253,31.31313131,33.09259009
Nectar,5.971413479,32.79658511,39.39393939,33.08287738
Smartmesh,5.584954682,30.76899524,41.41414141,33.04090696
Topchain,5.549878068,30.69625015,41.41414141,33.00466401
Bitcoinx,6.490519136,38.48937949,33.33333333,32.96927269
Zap,5.463370734,32.57594869,39.39393939,32.93278671
Maverickchain,6.567865879,40.38394359,31.31313131,32.92047029
Ludum,8.243528098,70.11623193,1.01010101,32.83120263
Mcap,6.05935149,31.13327174,40.4040404,32.79772561
Nectartoken,5.528387085,33.24860238,38.38383838,32.78743705
Polybius,5.1813997,26.18326197,45.45454545,32.75515331
Pylonnetwork,6.513649734,39.81150249,31.31313131,32.65745018
Terracoin,4.47267336,20.04129626,51.51515152,32.64766884
Eternity,7.301587672,47.51060083,23.23232323,32.5644746
Avoncoin,8.048297458,66.38940257,4.04040404,32.49824272
Geertcoin,7.783134754,53.29793195,17.17171717,32.48965558
Positron,7.583076827,59.33737856,11.11111111,32.46012803
Virtacoinplus,6.325139072,43.4300785,27.27272727,32.4487765
Manna,5.673690355,30.42598397,40.4040404,32.44088
Coin2,7.668346122,53.16320253,17.17171717,32.41754848
Dragoncoin,5.694614166,30.3469798,40.4040404,32.40742051
Bitq,7.342516657,51.93165469,18.18181818,32.28531446
Soilcoin,5.616501732,29.98500312,40.4040404,32.23671976
Hush,6.286565628,36.81532523,33.33333333,32.19555292
Scryinfo,4.372788297,19.99887822,50.50505051,32.16404676
Ecoin,8.263671226,66.53525985,3.03030303,32.13087042
Helleniccoin,6.234726539,34.5907587,35.35353535,32.09840498
Hyperstake,5.675775055,33.56443118,36.36363636,32.0352079
Ugchain,4.824057194,24.53623893,45.45454545,31.97825869
Loomnetwork,5.596402043,28.13892165,41.41414141,31.85851859
Social,5.405460115,30.15179432,39.39393939,31.83612618
Jincoin,7.661494863,55.83207877,13.13131313,31.79967584
Jet8,6.072624195,32.88588517,36.36363636,31.76954711
Spectrecoin,4.610312485,22.09546647,47.47474747,31.76762752
Vivo,4.85923776,25.01983562,44.44444444,31.7448498
Hexx,6.416619079,36.77263777,32.32323232,31.73480345
Banca,6.284747342,37.79988337,31.31313131,31.72933134
Dashcoin,5.785724188,32.6701652,36.36363636,31.64378312
Friendz,6.460911667,37.55812076,31.31313131,31.6381546
Allion,7.011110928,45.46515759,23.23232323,31.61497747
Ethbet,6.795152043,41.4550611,27.27272727,31.60701997
Globalboosty,6.496958795,37.3647348,31.31313131,31.55473563
Cropcoin,5.063865662,25.53766128,43.43434343,31.54378869
Bitcore,4.799300618,21.51586279,47.47474747,31.52570468
Hubii,6.016186067,39.4186356,29.29292929,31.52182281
Spacechain,4.510837024,21.3573822,47.47474747,31.42554205
Yee,5.022281871,25.25958897,43.43434343,31.41449777
Artemine,6.354930245,40.07233286,28.28282828,31.39531554
Starbase,6.659488298,47.01725542,21.21212121,31.36916831
Spreadcoin,5.063335842,26.08963951,42.42424242,31.33758045
Xaurum,4.408611593,21.1046324,47.47474747,31.3015821
Ethereumdark,5.501999317,30.76745822,37.37373737,31.21373795
Sentinelchain,3.911644031,16.67561576,51.51515152,31.07700968
Lympo,5.550538874,27.2554392,40.4040404,31.00181971
Condensate,5.476020293,24.18161318,43.43434343,30.97478251
Truechain,5.281989388,28.16669501,39.39393939,30.93048442
Victorium,5.007022731,27.15566644,40.4040404,30.90257035
Bodhi,5.412504164,26.05185782,41.41414141,30.90095007
Klondikecoin,7.388869949,50.84074158,16.16161616,30.88994798
Dalecoin,6.21620664,36.79330942,30.3030303,30.81497354
Bnrtxcoin,7.548329152,51.53467999,15.15151515,30.76362073
Netcoin,6.723986251,43.5899632,23.23232323,30.74242752
Allsports,6.320325606,36.36731063,30.3030303,30.63368598
Denarius,5.202473567,25.42103021,41.41414141,30.59607459
Swftcoin,4.322187366,18.50346701,48.48484848,30.57696071
Bipcoin,7.168037556,49.97636386,16.16161616,30.47889476
Showcoin,4.919183653,24.12577897,42.42424242,30.43942799
Herocoin,5.795925038,30.95661833,35.35353535,30.41916166
Colossusxt,6.609416186,38.67401965,27.27272727,30.33697773
BitBar,6.680800142,43.69255789,22.22222222,30.32973106
Goldblocks,6.188261576,34.68029283,31.31313131,30.31586702
Olympuslabs,5.9345387,33.66379523,32.32323232,30.28761627
Ormeuscoin,5.274806227,25.56872206,40.4040404,30.21522373
Locicoin,4.816528986,22.47734651,43.43434343,30.14191337
Berncash,7.003521609,49.2419705,16.16161616,30.13196616
Iungo,4.869299625,21.41659887,44.44444444,30.12439945
Cannation,6.618616911,42.2215858,23.23232323,30.11612075
Pareto,6.320726552,34.18817552,31.31313131,30.10766073
Ellaism,5.184765163,21.29672997,44.44444444,30.102005
Worldcore,4.142234682,17.29126606,48.48484848,30.01347501
Pressone,5.920578379,32.03368005,33.33333333,30.00721386
Sureremit,4.381875396,20.14863002,45.45454545,29.9596165
Kb3coin,5.220178712,23.92417776,41.41414141,29.9242615
Zeusshield,4.81088139,21.95530817,43.43434343,29.90643136
Ipbc,6.243520699,31.67944471,33.33333333,29.88010219
Divi,5.608434629,28.79011761,36.36363636,29.88003275
2bacco,7.890832174,61.44159465,3.03030303,29.80143717
Investfeed,5.351410116,24.5758382,40.4040404,29.77608639
Devery,6.052166687,33.40684036,31.31313131,29.72920392
Singularitynet,3.407774412,12.75812016,52.52525253,29.71829515
Betterbetting,5.163482456,24.4532867,40.4040404,29.70214544
Bitz,7.308831033,52.2448487,12.12121212,29.69561047
Electronicpkchain,4.697803049,21.32801827,43.43434343,29.61284307
Ammoreloaded,8.12333537,57.90877255,6.060606061,29.59855391
Iht,5.46736341,28.17935702,36.36363636,29.59108336
Veltor,4.095850939,18.19235512,46.46464646,29.50523581
Tradetoken,4.160464927,19.08382976,45.45454545,29.45831534
Selfkey,3.529284143,13.15791556,51.51515152,29.4558086
Tomochain,4.137308781,19.05683857,45.45454545,29.44385369
Rock,4.050299462,17.00237116,47.47474747,29.41973333
Viuly,3.995064013,16.90225567,47.47474747,29.36915782
Babb,6.075291551,33.48038314,30.3030303,29.3100652
Polis,5.172739062,23.51112022,40.4040404,29.27909619
Magnet,5.567556981,29.33929413,34.34343434,29.21398351
Futurocoin,4.045020379,17.4963025,46.46464646,29.18692907
Whitecoin,4.567917161,21.40489392,42.42424242,29.17990307
Toacoin,3.761382393,15.50079478,48.48484848,29.16967771
Bitzeny,5.610083804,28.22126637,35.35353535,29.16966916
Uro,4.485535913,21.27976535,42.42424242,29.11535709
Trinity,3.41095829,14.37537014,49.49494949,29.08273967
Debitum,4.058748743,14.22272724,49.49494949,29.0788294
Otn,6.326931392,35.79235302,27.27272727,29.01197927
Socialsend,4.747947802,20.90300478,42.42424242,28.97205602
Mybittoken,4.939884098,20.79414788,42.42424242,28.94226405
Poswcoin,4.721507797,20.74745592,42.42424242,28.89941503
Biocoin,5.804784581,30.47672095,32.32323232,28.84045743
Inpay,6.788215074,40.28409472,22.22222222,28.80666413
Commerceblock,4.687987803,20.45773204,42.42424242,28.76568729
Tokes,3.165381323,11.7014986,51.51515152,28.76403069
Piggycoin,6.036160058,35.22059186,27.27272727,28.72560961
Bitcoinred,6.677506264,42.12110564,20.2020202,28.71315725
Internetnodetoken,5.024647767,23.21561854,39.39393939,28.67676585
Ebitcoin,4.515691622,17.21466256,45.45454545,28.65271277
Xtrabytes,4.544834146,19.22724731,43.43434343,28.65219925
Pluton,5.20656081,26.05642737,36.36363636,28.60968476
Creatio,7.262459941,45.76281705,16.16161616,28.59224094
Axpire,4.900938376,19.00154138,43.43434343,28.586242
Refereum,5.072326097,22.87297849,39.39393939,28.52734566
Trueusd,0.634698065,2.437999074,60.60606061,28.43329666
Verge,3.043609265,9.965651287,52.52525253,28.42526764
Swagbucks,4.454009357,22.7777373,39.39393939,28.42265545
Mktcoin,4.047991928,17.68344858,44.44444444,28.36235105
Siacoin,3.911935939,15.67230057,46.46464646,28.35281976
Decentbet,4.930104111,23.45399951,38.38383838,28.32003746
Tokencard,3.359799763,13.64795557,48.48484848,28.2957418
Innova,4.889774136,22.36564121,39.39393939,28.28078869
Mithril,5.881145884,30.12026022,31.31313131,28.23314078
Datawallet,4.827488996,21.18191038,40.4040404,28.19642675
Elixir,4.709329282,18.1559429,43.43434343,28.18656178
Voice,3.801986507,16.29362689,45.45454545,28.16687621
Firstblood,4.678817772,18.02524289,43.43434343,28.12469562
Gapcoin,6.754143025,44.74429967,16.16161616,28.08307643
Telcoin,4.224980119,18.9689939,42.42424242,28.04945436
Syncfab,4.064941408,17.98046161,43.43434343,28.04315641
Pundix,5.242035243,26.71125216,34.34343434,27.99881245
Qvolta,4.405481911,18.59751571,42.42424242,27.90033935
Ilcoin,5.032698285,24.506361,36.36363636,27.89476864
Ontology,3.64159978,16.72510506,44.44444444,27.89045725
Gxshares,2.901937208,9.7227755,51.51515152,27.84726088
Torcoin,6.671948175,45.19015927,15.15151515,27.82094831
Pillar,5.727632948,28.19818228,32.32323232,27.80739987
Blockarray,4.868139434,21.22483529,39.39393939,27.76526255
Tefood,3.942130494,15.34947463,45.45454545,27.75602209
Spots,3.75849183,15.36231653,45.45454545,27.74343708
Coss,4.890231712,21.14937896,39.39393939,27.73351643
Gcrcoin,4.463212633,18.16745849,42.42424242,27.71258667
Stox,2.408816722,7.330080085,53.53535354,27.6303268
Yoyow,4.034593883,17.03393673,43.43434343,27.61418546
Syscoin,3.473468901,14.03850899,46.46464646,27.57376685
Centrality,4.83466144,22.70774945,37.37373737,27.52013521
Wincoin,3.135011495,10.95453459,49.49494949,27.51576899
Waspace,4.375599905,20.77652826,39.39393939,27.51427043
Rebellious,5.096077923,24.35648109,35.35353535,27.37911519
Snovio,3.709577993,12.45746952,47.47474747,27.34045545
Gladiustoken,5.866594723,27.11861909,32.32323232,27.33549261
Utrust,3.697179208,14.45024599,45.45454545,27.32687407
Gifto,4.932679234,20.20604011,39.39393939,27.3132587
Idice,6.633934821,42.99184605,16.16161616,27.28245148
Primas,4.692808849,19.10068919,40.4040404,27.2464092
Cashaa,4.631721527,21.09601932,38.38383838,27.22910812
Audiocoin,5.552928387,25.85860255,33.33333333,27.19166399
TigerCoin,4.610483763,23.03668939,36.36363636,27.19119496
Salus,3.184804721,10.2049889,49.49494949,27.18345275
Boolberry,5.722289352,31.73534864,27.27272727,27.1258631
Putincoin,4.70980084,19.83172519,39.39393939,27.12252915
Influxcoin,6.083158781,32.58462861,26.26262626,27.08958057
Encrypgen,4.516112398,17.7753592,41.41414141,27.08688652
Tokens,3.489054943,12.92724883,46.46464646,27.07525838
Atn,6.260010785,36.55165653,22.22222222,27.07424652
Ucoin,4.825165994,25.75354822,33.33333333,27.0716133
Stockchain,2.335564348,8.047079604,51.51515152,27.03656044
Ipexchange,4.904383924,20.60319591,38.38383838,27.03460382
Adbank,4.544345704,19.66981792,39.39393939,27.03312536
Bitcloud,5.489771045,29.46692542,29.29292929,26.99091173
Smartcoin,3.694340106,16.72511046,42.42424242,26.98664281
Energo,4.981276571,21.38014631,37.37373737,26.93737532
Read,4.472544373,17.40421826,41.41414141,26.91551629
Money,5.893851432,34.25701942,24.24242424,26.91413479
Educationtoken,4.563778639,16.36170667,42.42424242,26.91005496
Datum,5.016279246,21.25549495,37.37373737,26.88478247
Sxut,2.650300936,8.58703738,50.50505051,26.85646964
Beetlecoin,4.67114756,19.18134648,39.39393939,26.8259934
Mywish,4.550895445,19.10038672,39.39393939,26.7775363
Onerootnetwork,4.333264416,17.12139066,41.41414141,26.77431588
Akroma,4.581442722,21.09440006,37.37373737,26.76880612
Loanorlease,6.639425611,42.83090361,15.15151515,26.756031
Cryptojacks,6.722400233,40.77141737,17.17171717,26.74665057
Campuscoin,3.858906915,13.06630309,45.45454545,26.72027254
Bnktothefuture,3.953240934,17.06717346,41.41414141,26.71191578
Covesting,5.255295852,24.82779405,33.33333333,26.69803691
Suretly,2.639589953,8.161869356,50.50505051,26.66407293
Echolink,5.365081836,23.38848067,34.34343434,26.51586994
Rubycoin,2.922861894,9.777654947,48.48484848,26.51041273
Transfercoin,3.173893528,10.7060557,47.47474747,26.49875078
Swissborg,3.132131907,11.69831984,46.46464646,26.48654803
Alis,4.382982732,16.39090913,41.41414141,26.45057102
Eboost,4.146710745,17.36817713,40.4040404,26.41216896
Digitalprice,5.2443631,23.14862999,34.34343434,26.39586526
Odyssey,5.603779676,28.08580193,29.29292929,26.38080702
Capricoin,3.284650872,11.41324892,46.46464646,26.37351801
Studentcoin,4.305430509,20.26758025,37.37373737,26.36913598
Ixledger,3.441155438,11.31133034,46.46464646,26.3433051
Cube,4.359593372,15.08990905,42.42424242,26.3173275
Pepecash,4.476772177,17.0709778,40.4040404,26.31143541
Deeponion,3.851001913,11.10584949,46.46464646,26.29182337
Creativecoin,4.740961392,19.91327723,37.37373737,26.25325271
Startcoin,2.854322151,9.148220927,48.48484848,26.22031345
Swingcoin,3.987944888,16.95687164,40.4040404,26.21120491
Dadi,5.002095215,22.68210901,34.34343434,26.16170403
Phore,5.457541724,24.54334822,32.32323232,26.13571542
Clearcoin,5.274689132,25.59175519,31.31313131,26.13466784
Ratecoin,6.703929026,39.2253494,17.17171717,26.04907286
Zilliqa,3.614101055,13.5298852,43.43434343,25.99531299
Thekey,2.918127994,9.597530223,47.47474747,25.97433776
Universa,2.648333451,8.645099643,48.48484848,25.97331
Peerplays,7.095308582,42.9997039,13.13131313,25.96848852
Coinonat,5.767815744,32.18100434,24.24242424,25.96732444
Trueflip,3.124070152,10.53024095,46.46464646,25.96010635
Unlimitedip,3.220954124,11.34615667,45.45454545,25.88241137
Bitcoinplus,5.109576283,24.04565073,32.32323232,25.876955
Skycoin,3.416003989,12.29788685,44.44444444,25.87564948
Dew,5.10175233,25.03649061,31.31313131,25.8675051
Boscoin,4.819984609,19.99176681,36.36363636,25.84192989
Lampix,4.790921867,19.97230103,36.36363636,25.83026401
Bitstation,5.214431175,24.81059921,31.31313131,25.77712185
Sbccoin,3.880748528,16.00069806,40.4040404,25.77020716
Noahcoin,3.151283135,11.07674057,45.45454545,25.75420702
Bitcoindark,5.014490751,21.72139203,34.34343434,25.73062094
Embers,5.742371698,27.61360227,28.28282828,25.72763092
Upfiring,4.212470032,18.81463449,37.37373737,25.70601434
Swarmcity,2.603128273,7.047684891,49.49494949,25.7044983
Cortex,5.074399486,22.59564701,33.33333333,25.67548111
Storm,4.168992075,20.62125848,35.35353535,25.60555643
Digitalcoin,4.729760839,21.45093486,34.34343434,25.58044222
Tether,0.535856638,2.169121942,54.54545455,25.57514508
Stealthcoin,2.281286893,6.672613772,49.49494949,25.50353216
Mojocoin,6.373669388,39.97495386,15.15151515,25.44427799
Electrifyasia,4.08379927,18.25275818,37.37373737,25.44030292
Airtoken,3.206447066,10.28817208,45.45454545,25.4048676
Aidoc,4.472516984,17.07622353,38.38383838,25.40427956
Opensourcecoin,6.23674454,38.73995071,16.16161616,25.32937955
Kcash,4.818556157,18.82875609,36.36363636,25.31843222
Roulettetoken,3.804183738,14.98602862,40.4040404,25.30594943
Unbreakablecoin,2.576814159,8.020932947,47.47474747,25.23073761
Uquidcoin,3.287187561,11.89237025,43.43434343,25.22573991
Ubiq,2.747502095,7.929571681,47.47474747,25.20669383
Bridgecoin,4.28416487,20.65748551,34.34343434,25.17883042
Singulardtv,3.670332031,13.65005554,41.41414141,25.14592183
Unikoingold,3.011473248,9.644361263,45.45454545,25.09565535
Guncoin,4.930829498,22.21944314,32.32323232,25.03728691
Storiqa,3.281670258,12.45956309,42.42424242,25.02587951
Cryptoping,6.374155734,39.00646889,15.15151515,25.00850839
Timenewbank,3.54742199,12.34470417,42.42424242,25.00076816
TagCoin,4.319227476,20.19408936,34.34343434,24.97380841
Sellself,3.031416839,10.35736378,44.44444444,24.96395538
Realchain,4.419482971,16.0631544,38.38383838,24.94309505
Coinpoker,4.898677656,21.84638623,32.32323232,24.86619611
Vericoin,2.989166728,10.04244696,44.44444444,24.8180178
Tenx,2.707603592,8.028192171,46.46464646,24.79253775
Uptoken,2.878178062,8.79415224,45.45454545,24.69973177
Deepbrain,4.922710371,19.32276364,34.34343434,24.64206013
Wax,3.670206592,13.51824342,40.4040404,24.63204838
Playkey,4.832660291,21.33274732,32.32323232,24.62845687
Soarcoin,2.278348273,6.721043782,47.47474747,24.61594089
Skincoin,2.438570619,7.613712026,46.46464646,24.57911838
Hawalatoday,4.175152423,14.2875148,39.39393939,24.57416963
Taas,3.052719868,10.41541219,43.43434343,24.53766202
Syndicate,2.372322517,7.482814529,46.46464646,24.5135897
Etheroll,4.010043371,14.13901679,39.39393939,24.49083462
Obsidian,4.757172939,19.9857737,33.33333333,24.46931546
Hive,3.237278863,7.186940652,46.46464646,24.46694209
Bismuth,4.160028522,14.0382431,39.39393939,24.46048498
Decisiontoken,5.197848393,19.76999374,33.33333333,24.41628202
Lamden,4.708125081,18.72588656,34.34343434,24.35200691
SexCoin,3.097170848,10.97306972,42.42424242,24.33850755
Cargox,4.394840408,15.73098629,37.37373737,24.33660969
Bitrent,3.91089923,14.70365763,38.38383838,24.28046313
Nework,4.626944489,19.38248069,33.33333333,24.18481076
Goldpieces,5.52722974,29.24849777,23.23232323,24.16909243
Artexcoin,6.146245795,37.16639996,15.15151515,24.15768638
Santiment,3.384778838,11.47695832,41.41414141,24.13947276
Inkprotocol,5.517185787,25.0699672,27.27272727,24.10593109
Solarcoin,3.194537432,11.40488816,41.41414141,24.08801705
Decentraland,3.486656388,11.30034847,41.41414141,24.07018609
Auroradao,4.720182634,19.10593968,33.33333333,24.06969112
Fortuna,4.631903069,15.94906857,36.36363636,24.00390753
Trustcoin,2.815796495,9.225007454,43.43434343,23.97828755
Cream,5.405106854,26.83101049,25.25252525,23.97810177
Eddiecoin,5.482400161,27.80235005,24.24242424,23.96838845
Aigang,3.768335329,9.997876716,42.42424242,23.96678715
Ethereumgold,4.869860654,23.87453308,28.28282828,23.95779868
Linda,5.423249184,28.76165291,23.23232323,23.93961418
Naga,5.115838771,22.64896531,29.29292929,23.88543645
Mobius,4.048342174,13.78701278,38.38383838,23.88171724
Hacspacecapital,4.032003904,13.71009295,38.38383838,23.84546949
Unobtanium,1.487865905,4.132926715,48.48484848,23.82678543
Alphacat,4.397348026,15.56930384,36.36363636,23.80955789
Zencash,2.34876241,7.809772239,44.44444444,23.74927375
Torqcoin,3.459669117,13.45592098,38.38383838,23.67385863
Globalcoin,6.753584993,43.99182122,7.070707071,23.65349623
Copico,4.884830551,19.13683385,32.32323232,23.64551284
Gatcoin,4.350797209,16.14911108,35.35353535,23.61127061
Steem,3.245974231,10.28177336,41.41414141,23.58775907
Geraronetwork,4.180933097,15.00975453,36.36363636,23.53611921
Synergy,3.257610137,13.10836521,38.38383838,23.49725263
Acuteangelcloud,3.918224448,11.93666061,39.39393939,23.49059245
Musiconomi,6.244468149,35.63864927,15.15151515,23.4800208
Argentum,4.313707277,17.86885429,33.33333333,23.47235516
Clearpoll,4.65404277,16.76829801,34.34343434,23.46568384
Ipchain,3.096401259,8.022831794,43.43434343,23.46536898
Bitradio,5.452442876,26.68035322,24.24242424,23.46049415
Insurepal,4.498123409,17.80096456,33.33333333,23.46024639
Kyber,5.07268748,25.74545215,25.25252525,23.45635858
Tierion,3.591135236,12.92402146,38.38383838,23.44765045
Matryx,3.928561307,13.7960185,37.37373737,23.41924627
Viacoin,3.248329223,10.90963326,40.4040404,23.41598607
Vechain,2.710619182,7.966859109,43.43434343,23.40160306
Bitdice,5.829398184,31.49936991,19.19191919,23.39401991
Aragon,3.688742451,12.69466544,38.38383838,23.35420097
Atlant,4.230354835,14.38354312,36.36363636,23.25926625
Zetacoin,2.897188936,9.599576249,41.41414141,23.24589184
Jingtumtech,2.421272876,5.609875683,45.45454545,23.2211168
Flashtoken,6.815895781,48.01177309,2.02020202,23.19597838
Havven,3.770737069,11.29348809,39.39393939,23.18641607
Thetatoken,2.843023672,8.426811256,42.42424242,23.16727652
Cappasity,3.761468288,11.23246674,39.39393939,23.15802959
Waves,2.488909482,7.423832421,43.43434343,23.13507008
Matrixcoin,5.103828232,24.99532516,25.25252525,23.12191551
Yellowtoken,6.696874393,44.65810766,5.050505051,23.03856316
Ravencoin,3.659207802,11.92323203,38.38383838,23.00410247
Measurabledata,4.151542186,13.82867355,36.36363636,23.00169368
Quark,4.927823709,20.59365014,29.29292929,22.94174312
Sphreair,2.25929587,5.94042001,44.44444444,22.89911859
Vibe,3.242699393,10.70537863,39.39393939,22.86896305
Storj,2.825530165,8.753633493,41.41414141,22.85805172
Crave,4.426591939,16.4542194,33.33333333,22.84705792
Russianminingcoin ,2.868108227,9.664643604,40.4040404,22.81771863
Arbitragect,3.897061141,12.46535283,37.37373737,22.81729671
Stakenet,2.984903518,8.540714901,41.41414141,22.77817569
Evilcoin,5.479075374,30.20535571,19.19191919,22.77668124
Experty,5.154742392,20.12594946,29.29292929,22.75396968
Coinfi,4.768087891,17.15318532,32.32323232,22.74119673
Litecoincash,3.509074055,11.33241657,38.38383838,22.72322213
Siberian,2.427406733,6.514616903,43.43434343,22.71977283
Crypterium,3.773499634,11.22041976,38.38383838,22.69926613
Cobinhood,3.345902925,9.260153259,40.4040404,22.68347744
Medicalchain,4.847929464,18.92030417,30.3030303,22.63529346
Redmwat,3.582474442,11.09790579,38.38383838,22.62503232
Kalkulus,5.962902447,35.80220078,13.13131313,22.6163715
Spankchain,2.86420054,8.964596575,40.4040404,22.50230669
Beetoken,4.719531001,16.61563835,32.32323232,22.4944449
Xios,1.834633801,5.129989158,44.44444444,22.4919585
Cryptopiafee,4.462881162,18.60256116,30.3030303,22.45380427
Astro,4.758651791,19.54676281,29.29292929,22.45372663
Ace,3.614636219,10.70256376,38.38383838,22.45034459
Mothership,3.948441236,13.63410232,35.35353535,22.43928108
Tron,3.393605064,11.71546774,37.37373737,22.42950281
Usc,2.470344199,7.85112656,41.41414141,22.41640501
Adex,5.348588098,24.34737094,24.24242424,22.40026664
Verium,2.77962766,7.712314703,41.41414141,22.38486802
Rialto,5.979045292,30.17416753,18.18181818,22.3580981
Zcash,1.998070775,4.675739662,44.44444444,22.30388993
Suncontract,3.064035825,9.401571356,39.39393939,22.26438342
Darsek,5.70856234,30.01794089,18.18181818,22.26074782
Segwit2x,1.995404121,4.579748686,44.44444444,22.26042732
Woodcoin,3.184299734,11.37781502,37.37373737,22.25662855
Carvertical,3.662782762,12.05749615,36.36363636,22.15578791
Qube,3.414896453,10.07505645,38.38383838,22.14799232
Huntercoin,3.61508014,9.983260851,38.38383838,22.12670267
Sophiatx,2.855852113,9.079776091,39.39393939,22.09875718
Iethereum,6.094144066,36.55318198,11.11111111,22.0583463
Korecoin,3.637795657,10.81745753,37.37373737,22.04981727
Dynamiccoin,6.116911238,36.52183498,11.11111111,22.04651686
Wabi,3.009763798,9.900010648,38.38383838,22.02870844
Wings,2.612814652,7.966057074,40.4040404,22.02782533
Wepower,2.364988893,5.980700824,42.42424242,22.01872335
Dcorp,4.463660471,19.55441818,28.28282828,21.97312696
Zrcoin,1.883377872,4.954311144,43.43434343,21.96323235
Flash,4.093832779,15.50458196,32.32323232,21.93189971
Decent,3.647620732,9.466305893,38.38383838,21.897327
Energycoin,2.469956378,4.649499472,43.43434343,21.88472495
Eryllium,5.321276957,25.19166243,22.22222222,21.86837579
Payfair,4.618321371,22.25870696,25.25252525,21.84188663
Flixxo,4.742372666,18.16306821,29.29292929,21.82943614
Gobyte,2.951157051,6.433620098,41.41414141,21.82660839
Canyacoin,3.75660367,10.23194326,37.37373737,21.79821665
Stellarlumens,2.465443185,6.349140376,41.41414141,21.74002112
Chesscoin,5.713704669,30.86807451,16.16161616,21.73473127
Quantum,3.818584592,14.11740758,33.33333333,21.73469187
Bytecent,3.781070922,12.10448654,35.35353535,21.73421695
Oysterpearl,3.736465246,9.859891109,37.37373737,21.62877934
Stk,3.919538445,13.80707559,33.33333333,21.60513786
Groestlcoin,4.872255028,19.6490719,27.27272727,21.60203513
Shift,2.456265921,7.044327773,40.4040404,21.59739227
Dai,0.762582268,2.338208369,45.45454545,21.58299745
Drputility,4.620240646,19.64137685,27.27272727,21.57337092
Blockport,3.57606855,9.746744555,37.37373737,21.56182372
Revolutionvr,2.853079983,5.830836856,41.41414141,21.54554822
Simpletoken,3.092247094,9.697709806,37.37373737,21.49137594
Zilla,3.426975314,10.54613836,36.36363636,21.45209616
Elastic,4.061381354,12.35953277,34.34343434,21.42247334
Opal,5.693019325,30.14749042,16.16161616,21.40839989
Legendsroom,3.26261362,9.264003762,37.37373737,21.31324487
Monoeci,3.959188572,12.11770731,34.34343434,21.3034326
Ofcoin,5.285499406,24.89888008,21.21212121,21.27850052
Aelf,4.936756587,20.92054513,25.25252525,21.27155733
Educare,3.399675062,11.12470406,35.35353535,21.25517524
Delphy,4.221846188,15.97438716,30.3030303,21.24702248
Medibloc,4.944816445,19.84714596,26.26262626,21.24387914
Substratum,2.647915776,7.162653042,39.39393939,21.21525817
Luxcoin,3.869958791,11.80648783,34.34343434,21.15446086
Vcash,2.683270372,8.014636503,38.38383838,21.14764074
Stepscoin,4.17493302,19.76997059,26.26262626,21.13216189
Florincoin,3.576603076,9.741825278,36.36363636,21.10511805
Decred,3.347208396,7.728531319,38.38383838,21.08528721
Nimiq,3.710124485,11.66543813,34.34343434,21.07500506
Blocksafe,3.801769867,11.57104681,34.34343434,21.0416935
Edinar,1.984043151,3.854648233,42.42424242,21.02390511
Bitclave,3.806644056,11.45640344,34.34343434,20.99059141
Wavescommunity,2.71029205,8.669684297,37.37373737,20.99056896
Masterswiscoin,5.250197366,26.1952449,19.19191919,20.94924358
Conquestcoin,5.323498442,29.10789462,16.16161616,20.9036297
Goldcoin,4.142774489,13.20181166,32.32323232,20.90054724
Hempcoin,3.105898918,7.279722411,38.38383838,20.85919225
Investdigital,4.302278852,16.0961778,29.29292929,20.85532608
Premiumdigicoin,6.370795234,40.84728382,4.04040404,20.83653906
Aeternity,3.896473479,14.10483536,31.31313131,20.82773235
Etheriya,6.312227711,34.62493423,10.1010101,20.75789772
Wanchain,2.128037976,6.25604704,39.39393939,20.75529769
Exchangeunion,2.762835035,6.078250832,39.39393939,20.73876911
Karbowanec,3.319448773,9.853862062,35.35353535,20.67527371
Incent,2.541214223,4.960105646,40.4040404,20.66798714
Bihu,2.512146926,3.865909909,41.41414141,20.62723779
Fluttercoin,5.270519626,25.43616674,19.19191919,20.60969063
Chatcoin,3.792726383,10.53410793,34.34343434,20.57416666
Synereo,2.220046157,5.816755273,39.39393939,20.56681722
Nucleusvision,3.987760625,13.38364885,31.31313131,20.51232714
Poanetwork,2.664857891,5.552155387,39.39393939,20.49222844
Myriad,2.844691053,5.443137219,39.39393939,20.46115358
Reddcoin,3.813409447,12.2802379,32.32323232,20.45290255
Ethlend,2.893955481,5.346872649,39.39393939,20.42276097
Auroracoin,3.541687104,10.20616793,34.34343434,20.40148973
Data,3.600872656,10.13225633,34.34343434,20.37414807
Remme,3.231517875,9.190621899,35.35353535,20.36802255
Zcoin,2.37111218,6.338413876,38.38383838,20.36212473
Hacken,3.986034906,13.03090824,31.31313131,20.35342129
Sequence,2.725832719,8.257663574,36.36363636,20.35216824
Byteball,2.309603199,3.295495417,41.41414141,20.35029689
Stratis,2.609439767,7.266574434,37.37373737,20.34908429
Nyancoin,5.294782543,25.84097443,18.18181818,20.33973493
Adshares,3.514810508,8.947687727,35.35353535,20.28703144
Counterparty,2.878351915,5.046509462,39.39393939,20.28603718
Sonm,2.95450141,7.915081098,36.36363636,20.220873
Piplcoin,3.624250825,11.78920982,32.32323232,20.21302405
Breakoutstake,3.454647762,8.739440255,35.35353535,20.1873038
Bat,3.797028639,12.64794671,31.31313131,20.16218797
Icos,4.433690851,17.5163458,26.26262626,20.14390651
Pakcoin,3.988632525,13.48736638,30.3030303,20.10454176
Brother,6.476020587,43.07957666,0,20.03341155
Pascalcoin,3.596031104,9.373159708,34.34343434,20.03207043
Cryptobullion,5.079273812,22.97294545,20.2020202,19.93666192
Pioneercoin,4.532221382,15.99305726,27.27272727,19.92282518
Asiadigicoin,5.112198181,22.72773364,20.2020202,19.82960905
District0x,3.185022961,9.010021721,34.34343434,19.82755753
Musicoin,3.217857629,6.9420782,36.36363636,19.80935732
Bitcoinatom,5.138884527,23.66624002,19.19191919,19.8000601
Origintrail,2.637689455,5.010083657,38.38383838,19.79103386
Pirl,3.457610564,8.716564463,34.34343434,19.72276052
Steemdollars,2.556336571,6.869807606,36.36363636,19.71068344
YaCoin,3.003517699,10.80009032,32.32323232,19.70584696
Eurocoin,3.967925547,14.60634195,28.28282828,19.69691916
Aware,3.364979749,7.662466095,35.35353535,19.69369863
Golos,3.185678192,7.689820516,35.35353535,19.68807796
Okcash,2.470776233,4.814113456,38.38383838,19.68615595
Vslice,4.992855342,26.41815265,16.16161616,19.6601815
Cybermiles,4.62004567,18.3119429,24.24242424,19.61146978
Moac,2.252435871,4.692578785,38.38383838,19.60963131
Qwark,3.438679023,9.451526319,33.33333333,19.59705475
Geocoin,3.437177161,9.440946069,33.33333333,19.59214345
Lightchain,4.745132628,19.2310331,23.23232323,19.58302361
Monetha,3.687181624,10.32211406,32.32323232,19.55912403
Blocknet,2.55343064,4.473881733,38.38383838,19.54131712
Achain,3.564576233,10.21331912,32.32323232,19.49790577
Blazecoin,6.030897305,31.88664141,10.1010101,19.49753291
Tezos,2.928580114,8.328042856,34.34343434,19.49502275
Novacoin,4.607703523,17.9581582,24.24242424,19.45103245
Walton,2.52615015,6.236109363,36.36363636,19.42250059
Nubits,1.785073433,3.358282718,39.39393939,19.41700729
Mazacoin,4.849704174,22.78336732,19.19191919,19.37384935
Adtoken,3.753378696,10.77595112,31.31313131,19.31542496
Breakout,4.053007984,11.61129869,30.3030303,19.26674885
Qunqun,3.334881536,8.733088473,33.33333333,19.26337797
Fastcoin,4.855109128,20.50818532,21.21212121,19.25964885
Evergreencoin,2.31131047,3.834848924,38.38383838,19.22954034
Status,2.581321304,6.802162359,35.35353535,19.2281961
Digibyte,2.34025015,3.80916103,38.38383838,19.22087475
Apx,4.039264675,15.28569743,26.26262626,19.10067213
Nexus,3.363101349,7.246896663,34.34343434,19.05195909
Salt,2.90976476,8.344293378,33.33333333,19.0459085
Presearch,3.158100467,8.245588599,33.33333333,19.02632492
Prochain,3.595812585,10.15499174,31.31313131,19.02023663
Orangecoin,6.30312135,34.79896441,6.060606061,19.01711884
Datacoin,3.526605877,9.093747084,32.32323232,18.99030132
Curecoin,3.487336001,7.927231881,33.33333333,18.91598795
Viberate,2.412111023,6.117367741,35.35353535,18.90311749
Red pulse,4.15280825,13.7342982,27.27272727,18.86844229
Bumbacoin,4.766553957,20.5278957,20.2020202,18.80511755
Filecoin,2.575003459,5.781410523,35.35353535,18.76822599
Eventchain,4.384206735,16.48555187,24.24242424,18.76600992
Bitsend,3.326737061,9.615906742,31.31313131,18.75074083
Riecoin,3.370630213,8.569256269,32.32323232,18.73868289
Bankex,3.092220454,6.376054354,34.34343434,18.63299196
Chaincoin,3.490624024,10.14859421,30.3030303,18.55229343
Coino,4.867654748,21.95844571,18.18181818,18.54988423
Pura,2.802061695,6.238339141,34.34343434,18.54200424
Bloom,3.581152973,9.088215456,31.31313131,18.53872134
Burst,3.283081594,8.089723003,32.32323232,18.51413806
Indicoin,6.005614279,30.66636552,9.090909091,18.491335
Augmentors,3.276078807,8.018197169,32.32323232,18.48125115
Belacoin,3.399195519,8.96163448,31.31313131,18.46356416
Eroscoin,4.427781465,15.65991661,24.24242424,18.39883153
Gpl,5.69819502,27.47719815,12.12121212,18.38910412
Rchain,3.304689691,8.751459869,31.31313131,18.359535
Dragonchain,3.539068227,8.61525861,31.31313131,18.32168229
Aventus,2.587852438,8.741695579,31.31313131,18.28345735
Crown,2.684253267,4.466037422,35.35353535,18.18723308
Nolimitcoin,2.398085184,3.499794768,36.36363636,18.17835253
Gaymoney,5.109155796,24.07074203,15.15151515,18.16093131
Protoshares,5.519344892,29.00884796,10.1010101,18.15137062
Radium,3.002564527,6.334655379,33.33333333,18.15085137
Expanse,2.585452513,4.366281779,35.35353535,18.13246296
Legolasexchange,3.23895938,7.244082838,32.32323232,18.12918776
Vertcoin,2.222644624,5.39682151,34.34343434,18.1053796
Gopnikcoin,6.042223599,37.85132194,1.01010101,18.09186269
Asch,3.54838963,12.13795012,27.27272727,18.08964379
ElaCoin,5.486276416,27.85870719,11.11111111,18.08504588
Domraider,2.945463225,6.142092347,33.33333333,18.05848788
Blockv,3.287859957,7.068230344,32.32323232,18.0549442
Indorsetoken,3.377137247,9.050845339,30.3030303,18.04695776
Gup,2.571019036,4.171600795,35.35353535,18.04341317
Republictoken,3.85958214,10.85713781,28.28282828,17.99894295
Everus,3.101555303,6.968902673,32.32323232,17.99161628
Pesetacoin,2.801655638,4.995013172,34.34343434,17.98246695
Atomiccoin,4.466776797,16.70526273,22.22222222,17.96404591
Cloakcoin,2.893836016,4.915955362,34.34343434,17.95610897
Magi,3.151404374,7.877409429,31.31313131,17.95088377
Monkey project,4.019240723,12.72328297,26.26262626,17.94558322
Beatcoin,5.908808192,31.4882138,7.070707071,17.94239521
Dent,3.542708011,8.778434542,30.3030303,17.94092998
Bulwark,2.679333515,3.914142709,35.35353535,17.93838848
Givecoin,2.929944211,5.857092027,33.33333333,17.92868583
Chronos,4.900862098,22.55126508,16.16161616,17.91088277
Lomocoin,3.232741288,5.696374653,33.33333333,17.88664272
Neutron,2.684093748,5.800914426,33.33333333,17.87882087
Monetaryunit,2.241216964,3.765801342,35.35353535,17.82782321
Krypton,5.368432684,29.32390368,9.090909091,17.82350901
Modum,2.898536866,5.627462152,33.33333333,17.82221165
Internetofpeople,3.201311038,7.526988722,31.31313131,17.79818512
Minersreward,4.794170861,18.27958185,20.2020202,17.79613801
Patientory,2.271332913,3.608882296,35.35353535,17.76022123
Halcyon,5.364653292,26.10161642,12.12121212,17.73673817
Asiacoin,3.91421268,15.29746978,23.23232323,17.72982812
Prizm,2.219316018,5.535697164,33.33333333,17.71299533
Fuzzballs,4.926978295,23.09702123,15.15151515,17.7045392
Kucoinshares,2.955833435,5.287757087,33.33333333,17.67507403
Aricoin,4.007227477,16.15527454,22.22222222,17.67059629
Blocktix,2.622160739,5.928614576,32.32323232,17.47554718
Zurcoin,3.200008003,10.80854225,27.27272727,17.45657209
Gamebet,5.546710826,31.49661209,6.060606061,17.45541925
Populous,3.022536515,5.784093275,32.32323232,17.45055017
Banyannetwork,3.337296353,7.452298725,30.3030303,17.3236277
Golem,2.84642181,7.461085957,30.3030303,17.2784945
Dmarket,2.368878679,3.508896635,34.34343434,17.27043681
Donationcoin,5.148430758,25.06749233,12.12121212,17.24976008
Bigonetoken,3.233133275,8.307664972,29.29292929,17.24358075
Trustplus,2.004712312,4.514994104,33.33333333,17.23221858
Gambit,3.023106752,7.220805215,30.3030303,17.18803666
Bluzelle,3.671634454,10.06260166,27.27272727,17.16806147
Iocoin,2.861464337,6.070957092,31.31313131,17.10898622
Pac,2.525073667,5.03478905,32.32323232,17.06361698
Cofoundit,2.740972232,4.71819884,32.32323232,16.94274125
Bytom,3.059491468,7.563960828,29.29292929,16.8915497
Feathercoin,2.342195641,2.662899012,34.34343434,16.88706957
Lbrycredit,2.85405163,4.535977941,32.32323232,16.87204978
Micromoney,3.612765183,8.347426873,28.28282828,16.84489134
Leadcoin,2.696582921,4.417364269,32.32323232,16.80292676
Aeron,3.17156559,7.321034723,29.29292929,16.79344037
Bitcrystals,1.91979816,1.50469859,35.35353535,16.77818509
Lunyr,2.833072263,5.335387568,31.31313131,16.77514072
Potcoin,1.974101482,2.484981604,34.34343434,16.77019732
Polishcoin,5.638476376,32.87171574,3.03030303,16.71975608
Bowhead,5.74845196,29.80033556,6.060606061,16.71226893
Amber,3.184644635,8.124758065,28.28282828,16.70187832
Envion,2.689070733,5.123290293,31.31313131,16.6652968
Luckchain,5.071920313,23.74496698,12.12121212,16.64697263
Sprouts,1.369408776,3.252879851,33.33333333,16.60073681
Exclusivecoin,2.063600683,1.98423105,34.34343434,16.5538095
Smileycoin,1.421005982,3.954124545,32.32323232,16.46691119
Particl,2.191967709,2.750977179,33.33333333,16.4571365
Bean,2.33626752,3.690959739,32.32323232,16.44001318
Bitshares,4.036575621,12.39795732,23.23232323,16.43728381
Matrixainetwork,2.758748449,4.489370677,31.31313131,16.38700074
Latoken,2.66296509,4.396566239,31.31313131,16.33566041
Prospercoin,5.397355298,25.87414235,9.090909091,16.27400868
Bitbay,3.037135759,7.194837954,28.28282828,16.26866338
Dynamic,2.612197861,4.244920521,31.31313131,16.26234311
Warp,2.799214731,9.24374255,26.26262626,16.25778744
007coin,5.321153857,29.86408957,5.050505051,16.24368297
Jibrelnetwork,3.497424362,9.040228547,26.26262626,16.2360271
Monacoin,2.189395859,5.27387196,30.3030303,16.2285456
Iexec,2.686346961,5.12325608,30.3030303,16.21046357
Rubies,3.648863729,14.99390173,20.2020202,16.20305124
Neurotoken,3.284727447,7.895816894,27.27272727,16.15431762
Playercoin,5.752698235,28.37649914,6.060606061,16.07196716
Ins,2.987148442,4.729438955,30.3030303,16.06332601
Dopecoin,2.473854956,3.793737057,31.31313131,16.04547626
Foldingcoin,2.811945665,4.719093252,30.3030303,16.04115017
Senderon,5.588100277,33.35070879,1.01010101,16.02117444
Bitjob,3.348419531,8.470078995,26.26262626,15.96455932
Benjirolls,4.704478139,20.09638429,14.14141414,15.87745711
Numeraire,2.490901782,4.404993135,30.3030303,15.86770073
Polymathnetwork,2.368650305,3.361989772,31.31313131,15.84066952
Monero,2.555330958,4.321747789,30.3030303,15.83668324
Gridcoin,2.577938617,3.293754219,31.31313131,15.83089235
Orbitcoin,4.188213302,15.00680751,19.19191919,15.80824835
Bitcoincash,2.838929308,6.156412915,28.28282828,15.78155147
Etherparty,3.035116365,6.065038634,28.28282828,15.76005175
Change,3.013593027,6.061951131,28.28282828,15.75651004
Bread,3.209641129,6.0162722,28.28282828,15.75555933
Quantumresistant,1.689945609,3.230162965,31.31313131,15.71347699
Cryptonex,2.728924725,5.957668576,28.28282828,15.68111606
Pinkcoin,2.055282013,2.042106406,32.32323232,15.66993063
Hpb,2.762846012,4.747193116,29.29292929,15.59433969
Gnosis,2.140707188,2.772969279,31.31313131,15.55281599
Factom,2.205101207,2.544173914,31.31313131,15.45629747
Nexium,2.914695298,5.402312817,28.28282828,15.44978302
Delta,2.869124303,5.397874297,28.28282828,15.44322859
Blockmason,3.031814935,5.194009319,28.28282828,15.36775841
Qlink,3.206101847,6.164854345,27.27272727,15.36752191
Angeltoken,4.675666643,19.96232939,13.13131313,15.3597058
Iotchain,3.170202112,6.137456513,27.27272727,15.35160291
Ion,2.343062175,3.227649718,30.3030303,15.32311223
Compcoin,4.897543542,23.86259257,9.090909091,15.3188301
Navcoin,2.764490772,4.072001239,29.29292929,15.29066782
Granite,4.359724021,16.65636287,16.16161616,15.20406297
Medishares,2.514275054,3.773230929,29.29292929,15.13119961
Loopring,3.692260147,10.55941484,22.22222222,15.12096269
Bitswift,2.392232769,4.770555306,28.28282828,15.11324589
Cindicator,2.472173977,3.660927859,29.29292929,15.07645312
Clam,1.917936108,1.698051156,31.31313131,15.04682572
Cannabiscoin,2.966251092,5.41351937,27.27272727,15.0054361
Roscoin,3.054438378,10.44181661,22.22222222,15.00426131
Gamecredits,2.612858095,3.449360201,29.29292929,14.99531608
Iconomi,2.979215093,4.353808354,28.28282828,14.984408
Coindash,3.040285352,6.358227673,26.26262626,14.98341281
Hshare,3.218238578,7.315741424,25.25252525,14.97754386
Kekcoin,4.644426184,20.03413728,12.12121212,14.93434985
Blackmooncrypto,2.946711505,5.152400074,27.27272727,14.88597846
Secretcoin,1.506515875,4.389289132,28.28282828,14.85310442
Creditbit,2.135771007,2.191794443,30.3030303,14.83624824
Quantstamp,3.256965348,6.946163279,25.25252525,14.81510637
Biboxtoken,2.486187423,4.081461952,28.28282828,14.81254935
Airswap,2.643005203,4.011917141,28.28282828,14.79693596
Dotcoin,2.870834004,5.974218445,26.26262626,14.79366352
Apex,2.994448792,5.917232288,26.26262626,14.78038123
Elastos,2.84859377,5.926061875,26.26262626,14.76976904
Lockchain,2.66573304,8.896920658,23.23232323,14.72473305
Memetic,2.631535637,3.840463329,28.28282828,14.71863479
Linkeye,2.709343926,4.803185175,27.27272727,14.70509499
Electroneum,2.024224708,1.68734703,30.3030303,14.59809227
Openanx,2.995761527,6.483414996,25.25252525,14.58074926
Gxchain,2.431624239,2.53800353,29.29292929,14.56708219
Melonport,2.940723637,4.388828519,27.27272727,14.54177247
Aidcoin,2.933873931,5.379616281,26.26262626,14.53239654
Bitcoinz,3.113559832,6.304254198,25.25252525,14.51190674
Fusion,2.910026436,5.339221922,26.26262626,14.51183433
Blitz,2.694148801,4.362932567,27.27272727,14.50546181
Bitcredits,5.506586126,30.92439029,0,14.46663424
Omisego,2.936415349,7.176390553,24.24242424,14.43210819
Molecularcoin,3.045234415,7.150701974,24.24242424,14.43143024
Nebulas,3.310574278,7.086645012,24.24242424,14.42913859
Catcoin,3.885701447,12.98703653,18.18181818,14.41455477
Edrcoin,3.564385563,9.973608353,21.21212121,14.39001686
Moeda,2.486979206,4.043214222,27.27272727,14.34087159
Revain,2.749903558,3.950522318,27.27272727,14.32545267
Nuls,2.84253655,4.925379793,26.26262626,14.31885638
Digixdao,1.99290621,1.954404415,29.29292929,14.26059079
Bytecoin,2.374589714,3.877963003,27.27272727,14.2552696
Eidoo,3.099168081,6.667788363,24.24242424,14.21951248
Arcblock,2.857752211,5.668853874,25.25252525,14.20039583
Gameunits,4.389062946,19.43357894,11.11111111,14.18401682
0x,2.826721078,4.58705617,26.26262626,14.1650292
Chargcoin,5.256324632,29.25823542,1.01010101,14.14638386
Huobitoken,2.447635956,4.578634427,26.26262626,14.12333091
Coval,2.866739678,4.443508937,26.26262626,14.10443481
Everex,3.300466597,7.356212488,23.23232323,14.09488773
Mapcoin,4.955603468,25.10629513,5.050505051,14.06612043
Nxt,2.502136774,3.202377418,27.27272727,13.96401079
Enigma,3.209369895,5.933394857,24.24242424,13.90005558
Augur,2.691028178,5.026456143,25.25252525,13.89464445
Aion,2.732597803,3.974664586,26.26262626,13.88004066
Neblio,2.999127649,5.837107393,24.24242424,13.835702
Qash,3.300334728,7.541053579,22.22222222,13.72350758
Marscoin,3.910516605,12.42248795,17.17171717,13.70844397
Diamond,2.949091496,4.425233379,25.25252525,13.64990053
Dubaicoin,3.054015826,5.296093584,24.24242424,13.5977346
Icon,2.992670575,5.205668813,24.24242424,13.55090893
Metaverse,2.604694638,3.136174009,26.26262626,13.48992959
Artbyte,2.407277288,3.128350198,26.26262626,13.46666714
Kickcoin,2.48279087,3.1006904,26.26262626,13.46177159
Omni,2.485402365,4.03453001,25.25252525,13.4277151
Appcoins,3.241833813,6.752776848,22.22222222,13.36293296
Neoscoin,2.754807726,3.810733021,25.25252525,13.353947
Poet,2.925907837,4.739596003,24.24242424,13.33449989
Aeon,2.684250657,3.665433978,25.25252525,13.28150672
Blackcoin,2.347741382,2.430949356,26.26262626,13.14688317
Emerald,3.967072858,14.13021448,14.14141414,13.11894016
Eos,3.002576977,7.138907145,21.21212121,13.05822046
Gulden,2.232182697,3.199725152,25.25252525,13.02673095
Omnicoin,5.185184762,23.48960894,4.04040404,12.90702432
Komodo,2.354702047,2.882888206,25.25252525,12.89640626
Ardor,2.428041147,2.594268491,25.25252525,12.7738613
Dubstep,4.617498516,21.09513228,6.060606061,12.6818321
Nano,3.123342336,6.138428387,21.21212121,12.62008155
Chronosphere,2.515883304,4.181451227,23.23232323,12.58778684
Humaniq,2.489400876,3.158308405,24.24242424,12.57926978
Bitmark,2.720344081,4.058154974,23.23232323,12.5527496
Digitalnote,2.750489123,4.939924943,22.22222222,12.49801514
Ripio,2.728510063,3.873827744,23.23232323,12.47061895
Request,2.766075236,4.790329381,22.22222222,12.43225574
Ark,2.397760842,2.78880231,24.24242424,12.40382803
Electronicgulden,2.117469276,1.806044938,25.25252525,12.38810351
Genesisvision,2.537151896,2.701033479,24.24242424,12.37827116
Corethum,4.989604356,26.32497544,0,12.34519938
Metal,2.709273695,3.569032363,23.23232323,12.33153739
IXCoin,3.660799949,11.39541598,15.15151515,12.312199
Ecocoin,3.498928657,10.42059277,16.16161616,12.31188688
Fantomcoin,4.040835493,14.01460251,12.12121212,12.16520013
Gas,2.924124263,5.168804538,21.21212121,12.16382901
Maidsafecoin,2.18567759,2.29383811,24.24242424,12.15988582
Funfair,2.433820586,3.096768064,23.23232323,12.09147314
Cashpokerpro,4.999144173,19.57154911,6.060606061,12.03438424
Chronobank,1.761896541,0.883052708,25.25252525,11.93719974
Edgeless,1.985937897,1.842577212,24.24242424,11.93684444
Pivx,2.272143828,2.654158892,23.23232323,11.87613134
Europecoin,2.60018221,3.577648246,22.22222222,11.86995993
Mysterium,2.111775392,2.624040678,23.23232323,11.8465413
Civic,1.990300674,2.334876776,23.23232323,11.70427007
Bitcoingold,2.930706893,4.88271122,20.2020202,11.58119983
Einsteinium,2.952699521,4.740844648,20.2020202,11.51955913
Dash,2.045297285,1.899143619,23.23232323,11.51368981
Iostoken,3.550898906,8.576360957,16.16161616,11.48717959
Raidennetwork,2.946485953,5.60539628,19.19191919,11.45344056
8bit,4.492346509,17.30093223,7.070707071,11.41647234
Namecoin,2.169761122,2.152262803,22.22222222,11.18549437
Binancecoin,2.076895324,2.140498919,22.22222222,11.17091405
Primalbase,2.785226834,4.996062792,19.19191919,11.16311458
Chainlink,2.662084683,3.946605371,20.2020202,11.13308998
Maker,2.66372484,4.723628151,19.19191919,11.02836879
1world,3.031801411,6.628642946,17.17171717,11.01334219
Qtum,2.702274946,3.635814621,20.2020202,10.99725316
Cpchain,2.389778678,2.535491309,21.21212121,10.9254035
Blockchainindex,3.692576366,17.15088032,6.060606061,10.81442651
Mercury,2.188925485,2.153400269,21.21212121,10.73337722
Enjin,2.419507402,2.894749074,20.2020202,10.63549691
Iota,2.569233647,3.693909335,19.19191919,10.5555462
Rhfcoin,4.43056374,19.34125065,3.03030303,10.51025553
Bancor,2.034941775,1.624803071,21.21212121,10.4801101
Gsmcoin,4.639524395,17.14218969,5.050505051,10.45066507
Powerledger,2.804258024,4.334261872,18.18181818,10.41266183
Destiny,4.627636019,18.71106971,3.03030303,10.24638134
Hodlcoin,2.992083951,6.869788423,15.15151515,10.208795
Peercoin,2.247276871,1.954129634,20.2020202,10.19499511
Bitstone,4.138728673,17.69048505,4.04040404,10.19277296
Kolion,2.266118,2.764538294,19.19191919,10.10701767
Obits,3.44888853,10.57175501,11.11111111,10.10217861
Luminocoin,3.473612041,11.09630573,10.1010101,9.886153329
JouleCoin,2.493787729,4.144342749,17.17171717,9.841605737
Lisk,2.444470647,2.75925772,18.18181818,9.667931221
Ethos,2.50059341,3.428679019,17.17171717,9.520237627
Dogecoin,2.369130121,3.226051495,17.17171717,9.415908912
Ethereumclassic,2.316372065,2.17697234,18.18181818,9.393092941
Quatloo,3.700264781,11.96353565,8.080808081,9.389981158
Ac3,1.892060674,2.183237365,18.18181818,9.353481064
Darktron,3.779559179,12.85615926,7.070707071,9.345045766
Aerome,3.976580296,15.6684103,4.04040404,9.266624481
Fonziecoin,4.125426266,15.56763517,4.04040404,9.236160271
42Coin,2.812929958,6.263050449,13.13131313,9.008756607
Neo,2.709029538,4.142076016,15.15151515,8.953018979
Cardano,2.654636016,3.84159238,15.15151515,8.812361991
Evotion,3.432332593,9.419639906,9.090909091,8.672980308
Cannacoin,2.660634395,6.359658132,12.12121212,8.582455053
PhilosopherStone,2.976297102,7.216577091,11.11111111,8.545089401
Gaiacoin,3.207513863,8.841110469,9.090909091,8.390160188
Tokenomy,2.235908167,7.53090163,10.1010101,8.157951096
Nem,2.108031513,1.40216006,16.16161616,8.114502451
Jewels,3.650701434,13.15217874,4.04040404,8.101732396
C20,1.819201849,0.914687438,16.16161616,7.866256805
Oxycoin,2.791999257,4.662546807,12.12121212,7.831891443
Ibits,3.979144227,15.2384751,1.01010101,7.709773671
Piecoin,3.553297569,9.912875518,6.060606061,7.543396467
Ripple,2.486925647,3.07027986,13.13131313,7.539409411
Californium,3.326833637,7.61412895,8.080808081,7.395405027
Ethereum,1.823598006,0.843928554,15.15151515,7.380309468
Litecoin,1.674135583,0.674942157,15.15151515,7.289319347
Valorbit,1.369710309,3.811347608,10.1010101,6.397532
Goldunioncoin,2.666774777,6.524739195,7.070707071,6.384628297
Bitcoinultra,3.205382113,9.430846882,4.04040404,6.382601126
Neumark,1.38120643,0.491798691,13.13131313,6.268520963
Arbitcoin,2.333796566,4.029446878,9.090909091,6.137539843
Bitstake,2.872878535,10.26128337,2.02020202,5.813956277
Franko,3.53946925,7.886183357,4.04040404,5.720911254
Stresscoin,0.432974579,2.214875973,10.1010101,5.585446191
Ivugeocoin,1.453129323,1.910073598,10.1010101,5.550300597
Ethereumlite ,3.274389817,6.378400821,5.050505051,5.470446624
Society,1.197820555,3.124099235,8.080808081,5.161990347
Kryptcoin,2.328038855,4.122812435,6.060606061,4.815342209
Cryptocircuits,2.75679694,6.574837315,3.03030303,4.59799285
Equilibriumcoin,2.142204448,5.603756161,4.04040404,4.554092535
Metalcoin,1.709068631,1.202640745,8.080808081,4.348458835
M1coin,2.76196483,6.84237734,2.02020202,4.264357195
Alaricoin,1.946793241,4.438822978,4.04040404,4.010331482
Battlestarcoin,3.081884584,6.567691233,1.01010101,3.718194968
Limecoinx,2.063290569,4.452665055,3.03030303,3.573664695
Netm,2.13866601,5.2929006,1.01010101,3.050217326
Hellcoin,0.723539406,1.459421058,4.04040404,2.547275235
Bunnycoin,1.393214477,0.657273724,4.04040404,2.253276442
Onek,1.230447414,1.301489507,3.03030303,2.072351383
Etherex,1.43710965,0.566231591,3.03030303,1.762151544
Protean,1.232443116,0.458895093,3.03030303,1.693383467
HoboNickels,1.483641389,0.332312674,3.03030303,1.661541206
Embercoin,1.231934947,1.297464983,2.02020202,1.616143646
Gcoin,1.34891375,0.095164932,3.03030303,1.541351958
Lightyears,0.656041906,2.239573583,1.01010101,1.527957757
Briskcoin,1.061779057,2.084791103,1.01010101,1.498879357
CraftCoin,0.917439487,1.588644525,1.01010101,1.26117944
Axiom,1.500516224,0.095449673,2.02020202,1.102094885
Cypherfunks,1.383820823,0.045838441,2.02020202,1.06810029
E4row,0.005813102,1.898550006,0,0.854928813
Acchain,0,1.898615833,0,0.854377125
Agorastoken,0,1.898615833,0,0.854377125
Aidencoin,0,1.898615833,0,0.854377125
AlphaCoin,0,1.898615833,0,0.854377125
Altcom,0,1.898615833,0,0.854377125
Ambercoin,0,1.898615833,0,0.854377125
Amsterdamcoin,0,1.898615833,0,0.854377125
Anoncoin,0,1.898615833,0,0.854377125
Apexcoin,0,1.898615833,0,0.854377125
Applecoin,0,1.898615833,0,0.854377125
Archcoin,0,1.898615833,0,0.854377125
Atccoin,0,1.898615833,0,0.854377125
Atmos,0,1.898615833,0,0.854377125
Axron,0,1.898615833,0,0.854377125
B3coin,0,1.898615833,0,0.854377125
Bananabits,0,1.898615833,0,0.854377125
BBQCoin,0,1.898615833,0,0.854377125
Bigboobsboin,0,1.898615833,0,0.854377125
Bitcoin2x,0,1.898615833,0,0.854377125
Bitcoincashscrypt,0,1.898615833,0,0.854377125
Bitcoinlightning,0,1.898615833,0,0.854377125
Bitcoinsilver,0,1.898615833,0,0.854377125
Bitpaycoin,0,1.898615833,0,0.854377125
Bitseeds,0,1.898615833,0,0.854377125
Blakestar,0,1.898615833,0,0.854377125
BottleCaps,0,1.898615833,0,0.854377125
Btcgold,0,1.898615833,0,0.854377125
Carpediem,0,1.898615833,0,0.854377125
Casincoin,0,1.898615833,0,0.854377125
Chaintrade,0,1.898615833,0,0.854377125
Chancoin,0,1.898615833,0,0.854377125
Checkcoin,0,1.898615833,0,0.854377125
CHNCoin,0,1.898615833,0,0.854377125
Clearinghouse,0,1.898615833,0,0.854377125
Clevercoin,0,1.898615833,0,0.854377125
Clubcoin,0,1.898615833,0,0.854377125
Communitycoin,0,1.898615833,0,0.854377125
ConcealCoin,0,1.898615833,0,0.854377125
Confido,0,1.898615833,0,0.854377125
Coolcoin,0,1.898615833,0,0.854377125
CopperLark,0,1.898615833,0,0.854377125
Crackcoin,0,1.898615833,0,0.854377125
Craigscoin,0,1.898615833,0,0.854377125
Crowdstartcoin,0,1.898615833,0,0.854377125
CryptCoin,0,1.898615833,0,0.854377125
Cryptonite,0,1.898615833,0,0.854377125
Darcrus,0,1.898615833,0,0.854377125
Daytradercoin,0,1.898615833,0,0.854377125
DevCoin,0,1.898615833,0,0.854377125
Dfs,0,1.898615833,0,0.854377125
Dfscoin,0,1.898615833,0,0.854377125
Diggits,0,1.898615833,0,0.854377125
Digicube,0,1.898615833,0,0.854377125
Digitalpriceclassic,0,1.898615833,0,0.854377125
Dimoncoin,0,1.898615833,0,0.854377125
Dogeparty,0,1.898615833,0,0.854377125
Dttoken,0,1.898615833,0,0.854377125
Dubi,0,1.898615833,0,0.854377125
Electrumdark,0,1.898615833,0,0.854377125
Elektron,0,1.898615833,0,0.854377125
Escoro,0,1.898615833,0,0.854377125
Ethereumbitcoin,0,1.898615833,0,0.854377125
Eusd,0,1.898615833,0,0.854377125
Execoin,0,1.898615833,0,0.854377125
Faceblock,0,1.898615833,0,0.854377125
Fazzcoin,0,1.898615833,0,0.854377125
Fibre,0,1.898615833,0,0.854377125
Forevercoin,0,1.898615833,0,0.854377125
Fractalcoin,0,1.898615833,0,0.854377125
FreiCoin,0,1.898615833,0,0.854377125
Freshcoin,0,1.898615833,0,0.854377125
Frozencoin,0,1.898615833,0,0.854377125
Fuelcoin,0,1.898615833,0,0.854377125
Gamerholic,0,1.898615833,0,0.854377125
Gemz,0,1.898615833,0,0.854377125
Ghostcoin,0,1.898615833,0,0.854377125
Glyphcoin,0,1.898615833,0,0.854377125
Goacoin,0,1.898615833,0,0.854377125
Goldreserve,0,1.898615833,0,0.854377125
GrandCoin,0,1.898615833,0,0.854377125
Grantcoin,0,1.898615833,0,0.854377125
Guerillacoin,0,1.898615833,0,0.854377125
Hackergold,0,1.898615833,0,0.854377125
Hamradiocoin,0,1.898615833,0,0.854377125
Heat,0,1.898615833,0,0.854377125
Heavycoin,0,1.898615833,0,0.854377125
Hirocoin,0,1.898615833,0,0.854377125
Horizon,0,1.898615833,0,0.854377125
Hypertvtoken,0,1.898615833,0,0.854377125
Incakoin,0,1.898615833,0,0.854377125
Infinitypay,0,1.898615833,0,0.854377125
Janus,0,1.898615833,0,0.854377125
Kangaroobits2,0,1.898615833,0,0.854377125
Kredxtoken,0,1.898615833,0,0.854377125
Krypstal,0,1.898615833,0,0.854377125
Libertycoin,0,1.898615833,0,0.854377125
Librexcoin,0,1.898615833,0,0.854377125
Litecoingold,0,1.898615833,0,0.854377125
Ltcdark,0,1.898615833,0,0.854377125
Maryjanecoin,0,1.898615833,0,0.854377125
Mastertradercoin,0,1.898615833,0,0.854377125
Memorycoin,0,1.898615833,0,0.854377125
Millenium,0,1.898615833,0,0.854377125
Mineralscoin,0,1.898615833,0,0.854377125
Monerogold,0,1.898615833,0,0.854377125
Mycelliumcoin,0,1.898615833,0,0.854377125
NanoToken,0,1.898615833,0,0.854377125
Nautiluscoin,0,1.898615833,0,0.854377125
Nimbus,0,1.898615833,0,0.854377125
Node,0,1.898615833,0,0.854377125
NoirBits,0,1.898615833,0,0.854377125
Noirshares,0,1.898615833,0,0.854377125
Parkbyte,0,1.898615833,0,0.854377125
Particle,0,1.898615833,0,0.854377125
PayCoin,0,1.898615833,0,0.854377125
Paycoin_xpy,0,1.898615833,0,0.854377125
Paypex,0,1.898615833,0,0.854377125
Pebblecoin,0,1.898615833,0,0.854377125
People,0,1.898615833,0,0.854377125
Philscurrency,0,1.898615833,0,0.854377125
Primechain,0,1.898615833,0,0.854377125
Projectdecorum,0,1.898615833,0,0.854377125
Pseudocoin,0,1.898615833,0,0.854377125
Purpose,0,1.898615833,0,0.854377125
Putin,0,1.898615833,0,0.854377125
Qibuck,0,1.898615833,0,0.854377125
Qora,0,1.898615833,0,0.854377125
Quicksilver,0,1.898615833,0,0.854377125
Rasputinonlinecoin,0,1.898615833,0,0.854377125
Riptobux,0,1.898615833,0,0.854377125
Rise,0,1.898615833,0,0.854377125
Rootcoin,0,1.898615833,0,0.854377125
Round,0,1.898615833,0,0.854377125
Roxcoin,0,1.898615833,0,0.854377125
RoyalCoin,0,1.898615833,0,0.854377125
Saffroncoin,0,1.898615833,0,0.854377125
Santacoin,0,1.898615833,0,0.854377125
Sapience,0,1.898615833,0,0.854377125
Sarcoin,0,1.898615833,0,0.854377125
Saturncoin,0,1.898615833,0,0.854377125
Scotcoin,0,1.898615833,0,0.854377125
Shadecoin,0,1.898615833,0,0.854377125
Shadowcash,0,1.898615833,0,0.854377125
Shadowtoken,0,1.898615833,0,0.854377125
Shieldcoin,0,1.898615833,0,0.854377125
Signatum,0,1.898615833,0,0.854377125
Silk,0,1.898615833,0,0.854377125
Socialxbot,0,1.898615833,0,0.854377125
Spaincoin,0,1.898615833,0,0.854377125
Ssvcoin,0,1.898615833,0,0.854377125
Stakecoin,0,1.898615833,0,0.854377125
Storjcoinx,0,1.898615833,0,0.854377125
Stronghands,0,1.898615833,0,0.854377125
Swiscoin,0,1.898615833,0,0.854377125
Sync,0,1.898615833,0,0.854377125
Tamagucci,0,1.898615833,0,0.854377125
Techcoin,0,1.898615833,0,0.854377125
Thedao,0,1.898615833,0,0.854377125
Tilecoin,0,1.898615833,0,0.854377125
Tpcash,0,1.898615833,0,0.854377125
Uetl,0,1.898615833,0,0.854377125
Ugtoken,0,1.898615833,0,0.854377125
Uniqredit,0,1.898615833,0,0.854377125
USD-e,0,1.898615833,0,0.854377125
Viral,0,1.898615833,0,0.854377125
Vootcoin,0,1.898615833,0,0.854377125
W3coin,0,1.898615833,0,0.854377125
Wexcoin,0,1.898615833,0,0.854377125
Wildbeastcoin,0,1.898615833,0,0.854377125
Xc,0,1.898615833,0,0.854377125
Xcash,0,1.898615833,0,0.854377125
Xxxcoin,0,1.898615833,0,0.854377125
Ybcoin,0,1.898615833,0,0.854377125
Zccoin,0,1.898615833,0,0.854377125
Zedcoin,0,1.898615833,0,0.854377125
Cryptographic Anomaly,0,1.898615833,0,0.854377125
Sharder,0,1.898615833,0,0.854377125
Xplay,0,1.898615833,0,0.854377125
Lltoken,0,1.898615833,0,0.854377125
Spherepay,0,1.898615833,0,0.854377125
Criptoreal,0,1.898615833,0,0.854377125
Karmatoken,0,1.898615833,0,0.854377125
Revizorcoin,0,1.898615833,0,0.854377125
Epocum,0,1.898615833,0,0.854377125
Redvolution,0,1.898615833,0,0.854377125
Vizzotop,0,1.898615833,0,0.854377125
Izecoin,0,1.898615833,0,0.854377125
Flappycoin,1.396428118,0.231355615,1.01010101,0.698298293
Lynx,1.379747685,0.018916518,1.01010101,0.601032656
InfiniteCoin,1.372163089,0.010022606,1.01010101,0.596271936
Photon,1.378214447,0.002313034,1.01010101,0.593407765
808coin,1.378158161,0.002313517,1.01010101,0.593402353
Exrnchain,1.354220887,0.0566994,0,0.160936819
Fedoracoin,1.376586309,0.000201853,0,0.137749465
Quazarcoin,1.376909234,1.90E-09,0,0.137690924
Bitcoin,1.376903998,0,0,0.1376904
Dimecoin,1.376582926,1.88E-05,0,0.137666758
Diverse,1.376582926,1.88E-05,0,0.137666758
Inflationcoin,1.376582926,1.88E-05,0,0.137666758
MoonCoin,1.376582926,1.88E-05,0,0.137666758
Reecoin,1.376582926,1.88E-05,0,0.137666758
Peepcoin,1.376582926,1.88E-05,0,0.137666758
